cookie_id,score
ck_99a4e5ef02d89493,0.521246689753514
ck_54d463f7fd89ec3d,0.5750662049297209
ck_0fbbc7a6af300368,0.20126298635159912
ck_8fd4937eadd64fb6,0.08731920961499287
ck_dbb4bd4eda97255d,0.25961499287023837
ck_6e67225ba59fa5ae,0.6782644123039316
ck_94b59bbc824b307a,0.27219392951721333
ck_b87e88ee5512ea17,0.16411692809126097
ck_36789ca11459131e,0.7638622937461805
ck_4364a83a11743888,0.324740272968018
ck_cf59f4fc0ea690b2,0.420829089427582
ck_bfdd232a7c5f2660,0.7004481564473417
ck_84092e23d5ef4d51,0.7081686697901813
ck_c2925c50ebacbdba,0.12503564880831128
ck_66c9a19963957531,0.7936239559991852
ck_d637a011332ba67a,0.29241189651660215
ck_1bd753a4681946c8,0.9785190466490121
ck_c30c5844512e429f,0.796781421878183
ck_396cea6f95186ad2,0.6864432674679161
ck_64a02b7b96149810,0.1602363006722347
ck_b1ed2278f5f14d82,0.3959156651049094
ck_b153386f1729de81,0.2557954776940314
ck_601edf9105b3c321,0.9931146873090243
ck_d3a8333cb389f4c6,0.19702587084946022
ck_3c17841636f6f7dc,0.6289977592177634
ck_333544d173524f70,0.8643206355673254
ck_87c1d0a79e79c84b,0.5253615807700143
ck_585ababa02383b50,0.17354858423304137
ck_3e0149cdee4cb294,0.7649419433693216
ck_b864f64101149c35,0.9170605011203912
ck_5b2728f7cca414ae,0.015603992666530862
ck_cd7d24e3b095e96e,0.8498981462619679
ck_f3dc0725621b3a35,0.11525768995722144
ck_9eb08369e983abfa,0.3526685679364433
ck_7836bf6def26aa87,0.24356284375636586
ck_fd4582e3853ef23f,0.39380729272764314
ck_2cdad03ed069438c,0.8022713383581178
ck_614d936cef98db04,0.20888164595640663
ck_ecc18f40b33be769,0.6574353228763496
ck_a93560aa348d6225,0.7151558362191892
ck_90f3655f0c8a0074,0.15826033815441026
ck_a045a19369016818,0.9948563862293747
ck_69ab9d4784eb77bd,0.48245060093705444
ck_61129937ee466b49,0.52012629863516
ck_74112e47b8629c2a,0.8394072112446527
ck_d841eba8906e9a15,0.28478305153799144
ck_78aa4b731cbfe251,0.48576084742310044
ck_25394c1b83e0b803,0.587838663678957
ck_16c501470d9bb006,0.14197392544306375
ck_69ff1b0aa143a168,0.01425952332450601
ck_6d64190623dea714,0.2001018537380322
ck_5d7721930106dce8,0.6359441841515584
ck_466d4b5366c50b98,0.07590140558158484
ck_641c8e7694b21f3b,0.2656651049093502
ck_66779098e78c1760,0.21920961499287026
ck_ed8f1200fc049c40,0.9835811774292118
ck_55f2ef0de3420e3e,0.8040639641474843
ck_968a99e097ee78c9,0.8291097983295987
ck_a98848eec6c9581e,0.6001425952332451
ck_7eaad325abe3b50c,0.08155428804237115
ck_834ca727df855f07,0.81598085149725
ck_6b1ab0742ff04c3e,0.8827663475249541
ck_fcc2059a8d5c41fa,0.880892238745162
ck_a96887f841e80fc1,0.8569158688123855
ck_718865237134ebe8,0.22960888164595641
ck_5df85a8924e11f27,0.5137604400081484
ck_958c0bd61820147f,0.6618659604807497
ck_b4331140b2e0d4aa,0.5832450600937055
ck_8153cdadd300d234,0.009146465675290285
ck_d4c1da5a1427fd6a,0.8442452638011816
ck_ac32c6e374782b27,0.751812996536973
ck_465cb8ce232c7670,0.21728457934406195
ck_022a8ae79eb28cf6,0.9786412711346507
ck_7a7f3c4fe0c9d2ca,0.15122224485638625
ck_4802a0a7a1882c88,0.9325218985536771
ck_8b5b5a6b5539e39b,0.9807292727643105
ck_9693b1eb70880205,0.32420044815644733
ck_59a164c40c03a45f,0.36151965777144024
ck_154c8efb19dee665,0.4584131187614586
ck_149662b09d632e41,0.28398859238134044
ck_ddaf228487858bb8,0.8994194336932166
ck_76c23726cd7ca947,0.4141372988388674
ck_32eba3510c8eac5e,0.27230596862904866
ck_41dd44308e6a665a,0.8871766143817479
ck_efbdcd9c181e72ca,0.29145447137909963
ck_771247b5bc16c12a,0.3565288246078631
ck_692a9e8f504b9762,0.041668364228967206
ck_ceb017baa26e98c8,0.88284783051538
ck_908b663b2dda94ad,0.40064167854960275
ck_29da59ea3bffb9d8,0.7828172743939703
ck_2795921a055643f6,0.5458749236096965
ck_fec888a7108ca52d,0.9832858015889183
ck_37dab6a0a536ed49,0.7167651252800977
ck_2c1def5c91c52a5b,0.9270523528213486
ck_0cb9f54928f4feee,0.37342635974740274
ck_677e1d0c14cbf569,0.4017315135465472
ck_192fdad892782daf,0.7738643308209412
ck_e5e2624b7fc89774,0.43748217559584435
ck_5138f6c575dec64c,0.30583621918924425
ck_5f4a25ffd0b85a47,0.5805459360358526
ck_aebb42afe430e2e9,0.1945711957628845
ck_44e9a18a8645c9d3,0.09621104094520269
ck_79ba8e85678d0224,0.4933591362803015
ck_ef1a1de20d2124cb,0.7379608881645957
ck_e7d903c50d353361,0.8954369525361581
ck_bcbd8588a13f5eef,0.0525768995722143
ck_80e3041811033443,0.6873599511102058
ck_bdee1221b9addff8,0.3721430026481972
ck_dfc933493561d84f,0.7443674882868201
ck_e0f9506a6d5f4a1a,0.48452841719291095
ck_a911a066ff0f7b56,0.6161132613566919
ck_5c45968a805132e0,0.6401100020370748
ck_152820d8817f478c,0.32347728661641884
ck_13f03ec785cbdae1,0.18073945813811368
ck_a662b4bf900781e4,0.029119983703401915
ck_0c0dde42ab64ef87,0.363139132206152
ck_cb3a40594da6a2ee,0.6953045426767164
ck_a69084a068bcc8aa,0.6796699938887758
ck_f3bce4eccfa6d6bb,0.16380118150336118
ck_794d8935a895e33f,0.6245773069871665
ck_5f217bfe28954e75,0.9787634956202893
ck_9700a00ff9e66216,0.6954675086575678
ck_9a66cb13a9884cc2,0.5356284375636586
ck_522477be6376b450,0.36183540435934003
ck_4f6ed5ea5ab7c429,0.5960073334691384
ck_f5882e6f98b8b4cd,0.3225300468527195
ck_ec01ae5351500355,0.3883071908739051
ck_cc276f71ab6c08fd,0.7007027907924221
ck_b06ce826e593b210,0.7698105520472602
ck_1833c81d693c1e07,0.9703198207374211
ck_b4ad165ace910222,0.3006416785496028
ck_7ce44f4e06d58111,0.8616113261356693
ck_804c5a1fa5753617,0.6170503157465879
ck_db2c0908150cb2cc,0.630983907109391
ck_8530158e3d7f59e7,0.21990222041148916
ck_efbc79246e32c66a,0.8556121409655735
ck_dfaafdaefa5716b6,0.8099816663271542
ck_75f968be67f46d24,0.7929007944591566
ck_3715bfa7fed2c675,0.24080260745569362
ck_b5935e9722a39819,0.7520778162558567
ck_e83409471d2b0b44,0.3964962314116928
ck_c729d19053387be9,0.7176716235485843
ck_38d4ed52cbe6d123,0.4688633122835608
ck_ea835557d7043667,0.22007537176614383
ck_95b48972061abe82,0.4326135669179059
ck_2981d16f8a51a8ed,0.6510083520065186
ck_30bf5b0056eea9e9,0.9379710735383988
ck_a1c7adfe26e09a8c,0.6228661641882258
ck_1eeacc26f02fbba4,0.766917905887146
ck_044fa3b3a003f0b5,0.5002750050926869
ck_6cabb1a133f0b151,0.5098288857201059
ck_b71279e807d0b3a7,0.5907618659604807
ck_ba68841ca2ba073d,0.6723874516194744
ck_e1790b3aa2241b10,0.9762375229170911
ck_0bf48607a874b4d1,0.07226522713383582
ck_fa8a4a9e77799fcc,0.24504990833163579
ck_52c311f29ca3aca9,0.06500305561214098
ck_42c6973d3a6fe983,0.014178040334080263
ck_b524f7a2e752b9d0,0.2886942350784274
ck_14e58c3fb26a2b4d,0.4397738847015686
ck_ec9976cabc63ff92,0.3470360562232634
ck_9f50920c894f64e1,0.3512528009777959
ck_0259da8f109017e9,0.015868812385414544
ck_9d8e9ef37797d3af,0.9231920961499287
ck_2d28f14d3973d8fb,0.10252597270319821
ck_f5b1200dc6f95760,0.26260949276838463
ck_20d7571ba830009d,0.3994296190670198
ck_54978a073e7a0b1a,0.3212772458749237
ck_6236a461dc0d11a3,0.14567121613363213
ck_7d3a88d1aa649708,0.9631595029537585
ck_742f7c28ddd019e8,0.49112853941739665
ck_d979ef95ee44023d,0.6943674882868203
ck_c01c85bd631d4054,0.18724791199837035
ck_1e832a5b2342554f,0.7484212670605012
ck_9bf95f8c47e7c7b4,0.18297005500101854
ck_6b38763bf5ddbcef,0.6905988999796293
ck_bda4041a3e90d860,0.3074760643715625
ck_703499f5410280f7,0.07869219800366674
ck_1eabc15a94bd9009,0.38930535750662054
ck_d5bd8f68da073cd8,0.20096761051130577
ck_6e6258227fc8db7f,0.02206151965777144
ck_be9c46acd216b45d,0.6885923813403951
ck_e2f88e202b6f700a,0.4635771032796904
ck_353a272478f7e903,0.29437767366062334
ck_a2c9796ea229a4e2,0.5024546750865757
ck_acee218cbe61df69,0.6313709513139132
ck_9704c5cf8659cedc,0.5840293338765533
ck_4b0947bf94e9d847,0.6083316357710329
ck_bb113e3e6716ed65,0.39261560399266654
ck_60b4d59953505682,0.9481971888368304
ck_7dca4d7ee10b4eeb,0.16858830719087392
ck_4863077723cd6ce1,0.08442656345487881
ck_469a0578d05990c2,0.0374414341006315
ck_5db1cb368bc41ac3,0.5869219800366674
ck_b72c7ac4208052ab,0.7350071297616623
ck_abac514d8167ea58,0.7640048889794255
ck_6de2aa2bb60978d3,0.699765736402526
ck_186dbff4b24a3bbf,0.87870238337747
ck_7f15503048915d6f,0.16574658789977595
ck_c35e03b0dd0c3454,0.561417804033408
ck_2cf8a44e041217de,0.6690466490120188
ck_91955aab3424ad16,0.28569973518028113
ck_a032e8ac1507c6df,0.9436748828682013
ck_342a79f91de5d1fa,0.5815135465471584
ck_3ecd8a5ce65e21ca,0.3521287431248727
ck_45424ea6f0bc4650,0.8688022000407415
ck_41346ccd9242cc8f,0.14331839478508862
ck_35d6c510ad29362e,0.9324607863108576
ck_9de191bf79afd676,0.31165206763088205
ck_6de6b1663f9457f4,0.12563658586270116
ck_61814ae9b6d8eab1,0.3120085557139947
ck_60187ac2c473a662,0.9875942147076797
ck_c0b50c11e4f5adf7,0.7310042778569974
ck_062754f8b79b86e5,0.037553473212466895
ck_0027b5d4107d65d8,0.7635465471582807
ck_d61c837b0106085a,0.8307394581381137
ck_a99e0c258ad7576b,0.36567529028315343
ck_e76257caa98dc25d,0.9766143817478101
ck_9a65fcfc7916f93f,0.4349358321450397
ck_c972b0e781efed3b,0.08537380321857813
ck_3a632cdf2c19051b,0.3622326339376656
ck_9724718fe64c6557,0.9874516194744347
ck_d44dc3839a195c8a,0.6266143817478103
ck_2fc70b6baf6a0e26,0.24817681808922387
ck_b4911c42f3bff740,0.013434508046445305
ck_53428573abcd606f,0.7418211448360155
ck_c8198cb4c461304f,0.5828376451415768
ck_852c50bbba1ead13,0.7954471379099614
ck_d5ef6dc116dee408,0.5078529232022815
ck_3ac528caac74f563,0.4906600122224486
ck_1b0b7c3d35ab1259,0.738022000407415
ck_f1a9d832b700bda1,0.9861988184966388
ck_343e6ed2b9d35c01,0.5857404766754941
ck_803c0b4cf9d4bc1d,0.7779486657160318
ck_c457e9c9224b773d,0.7874923609696476
ck_d305b4d82f63f647,0.15834182114483603
ck_22bd0fc71f95e048,0.6952739865553066
ck_aab23b5470469649,0.5847728661641882
ck_fe0a9372c9372de9,0.15345284171929113
ck_f6c909c205767956,0.5390303524139336
ck_295bca29c34cfe2e,0.6442147076797718
ck_74e60495f8861156,0.5133733958036261
ck_bd20be9a3392d79b,0.42222448563862297
ck_952da7ca9f33decb,0.4482990425748625
ck_900d62b3184378c7,0.1309126094927684
ck_eafe9b89857149b5,0.2800672234671012
ck_509cece86a558de4,0.21906701975962517
ck_c423aa6de3ed1e01,0.14331839478508862
ck_b5a84c5547378c10,0.16625585658993686
ck_9528e1d6b1707870,0.41016500305561215
ck_668c7fc7d7e47c0e,0.7230495009166837
ck_5d72ff6cc2963d1a,0.0907414952128743
ck_6c084bfcb38e96c3,0.5574149521287431
ck_66439e697695224c,0.13615807700142596
ck_e975002c979e12c7,0.7593196170299451
ck_8e039b23acaaac00,0.744825830107965
ck_9ccb17c35e636c5e,0.16736606233448767
ck_abd3aa292f8edb4d,0.786575677327358
ck_3ec9b9d8dd7be11c,0.8427683845997149
ck_d6f5c8741697abb3,0.6040945202688939
ck_5d75ea4f5c9080bc,0.9209818700346304
ck_a4db6e94a8f77f9d,0.7233143206355674
ck_01c1f06692566ca1,0.392075779181096
ck_dac7c50bd6d0148f,0.12836626604196374
ck_857a1f5547b9ad68,0.524740272968018
ck_aefd1ce3ce093cbd,0.1640354451008352
ck_7b59d22cadef3b05,0.9024546750865757
ck_6bc0e5b8c0b7d2bd,0.6715929924628234
ck_2c44ca550e5cfa82,0.5882460786310858
ck_e4ac22046699b99f,0.2858015889183133
ck_ee7a515e87d17d4e,0.852515787329395
ck_5e512ef5362a3dd6,0.18507842737828478
ck_df1f2dba802296be,0.9744856386229375
ck_49bdba9ee1899dfe,0.4892035037685883
ck_52730906e5b461eb,0.9554695457323285
ck_dab34cf6f0626c9b,0.5612955795477694
ck_f9d8b4813a88c1e6,0.3257791810959463
ck_c0c4be3f44311b04,0.1007129761662253
ck_ae3b47d6e1063704,0.5398553676919944
ck_533672fb40531607,0.810012222448564
ck_2a244f1ae08ef83c,0.4240782236708087
ck_fe429ba3e1aa0e4f,0.5387451619474435
ck_18444be153bac1ca,0.967101242615604
ck_2ef76f1f36e8b869,0.8690364636382155
ck_99ee90946395d74d,0.9585149724994908
ck_bf2228a052815840,0.27189855367691995
ck_1bb212d1288b9689,0.6714198411081687
ck_9949f53c155b8dde,0.5415257689957221
ck_04a1a46f07885296,0.3690873905072316
ck_70c7679199776a90,0.41557343654512124
ck_231e6dd1fe708000,0.18016907720513342
ck_e013d88ea7939616,0.3796088816459564
ck_d229cf7f5a3f38ca,0.23960073334691384
ck_0ad6fa0e23c3bd0a,0.8712161336321043
ck_3a3daa8b376f2a18,0.07052352821348544
ck_f0d6633d0834fff5,0.5581890405377877
ck_5472214011fbc2a7,0.13061723365247507
ck_e0239e6ae30795a7,0.8558871460582604
ck_646bb3c7be5f0817,0.5850376858830719
ck_a9e7f3b2d5dfd97b,0.4971175392136892
ck_d5ef1f6e34bb35b8,0.7623854145447139
ck_615277c8a4e2b18b,0.48363210429822784
ck_11318f7c041a5ba9,0.3216031778366266
ck_6d69e092f9b0848b,0.71066408637197
ck_fbdac0221bc03f66,0.5434406192707273
ck_3854c08d17704347,0.7807292727643105
ck_a9989a3a94c26634,0.6316255856589937
ck_d3cfb3603f2c6ca3,0.6848441637808108
ck_ba54e0a1c328119b,0.9487268282745978
ck_ecfb771ed2352085,0.3869729069056834
ck_2401e8ff89e574fd,0.9194642493379508
ck_54e2eb018d947790,0.44272764310450197
ck_ad7269eaa65c67f9,0.6842228559788145
ck_cf2ca4f286e289ba,0.7438684049704625
ck_ccfc9ab888ba933d,0.2480240374821756
ck_c881f26c9bf9ae42,0.9452230596862905
ck_a7afdac4ecbf2de4,0.9391627622733756
ck_57d0a7eb7eae2eaf,0.6605520472601345
ck_3fb95862b70f505c,0.6305153799144428
ck_5478eb69ef912785,0.9099409248319414
ck_bf4e7d48770a4a8b,0.7570788347932369
ck_5875828b11406398,0.5511611326135669
ck_3019afee83342701,0.3981462619678142
ck_dfa0ac11fcb1dabd,0.24722957832552456
ck_2d695f8358383092,0.6566917905887146
ck_7717fcb100dc4b5f,0.686809940924832
ck_682262b455a9edd4,0.07029944998981463
ck_18270fee7c8fcee8,0.29353228763495626
ck_e6d3ce445b86003f,0.09006926054186189
ck_61d7b0568ec5d6cf,0.686484008963129
ck_bd1bf9e3e29de281,0.7722652271338359
ck_7ea0bf310fc20c7b,0.9748013852108373
ck_328696b8f5e54ec6,0.8623650437971073
ck_1507f5aa50cdf3a0,0.2951925035648808
ck_ca10102961f99eb4,0.16395396211040947
ck_61b79dec96d15713,0.07911998370340192
ck_ca7b993e8286af7f,0.8709818700346303
ck_c9dcd92b2f836b61,0.8857302913016909
ck_fe2fc7d6e5d83f09,0.7146567529028316
ck_b6e3af0a5119d9a0,0.47289672030963537
ck_e535fb0f0c00418d,0.8136585862701161
ck_31109c899336348d,0.7839274801385212
ck_d4e024fcda401a31,0.5908535343247098
ck_9cbef9bc95449dca,0.6021694846200856
ck_a397cd64ec5d644b,0.31054186188633126
ck_b0f191e44f9b6f35,0.7718781829293135
ck_3049d744b527f4d0,0.24764717865145652
ck_6f661b428d6fb8e4,0.8608779792218375
ck_da59ab47cb6284ad,0.10001018537380323
ck_5576ffc6aaf6f22c,0.11909757588103484
ck_8955d7b9030d5eb5,0.469199429619067
ck_78a61215675b38f0,0.5506416785496029
ck_001e42551cd06e40,0.2336524750458342
ck_3b6057d51fd4c7d6,0.15818904053778776
ck_87110d84872c0fed,0.6275616215115095
ck_f034adb57391f3d7,0.8205438989610919
ck_d84b5403da4cea7b,0.6688327561621512
ck_f04062216f95fa00,0.46924017111427985
ck_d9573100bbff4014,0.8939702587084947
ck_b5d0d223ef56473f,0.5141372988388675
ck_3aabf5e0f4defb41,0.46816052149113874
ck_ac449ee0c315edde,0.2832348747199022
ck_085d8c42739e2b10,0.9954980647789775
ck_937402a60df0821c,0.0823996740680383
ck_cd1dc68e441222b1,0.9777347728661643
ck_714c5d7cb17bc9f2,0.33205337135872887
ck_1d01b4a609918c4e,0.9482379303320433
ck_cc1c0b93d05b7d20,0.8327969036463638
ck_46f4e1f5026f4d1b,0.01045019352210226
ck_779491819995625d,0.9335404359339988
ck_46bec0bff167ed3f,0.6320533713587289
ck_92d679d6ac7dcdcb,0.8209411285394175
ck_22a7cf3b99c5e5fd,0.6108372377266247
ck_09faa4e771cf876b,0.2730087594214708
ck_0b2eeb4e00ff7955,0.5678040334080261
ck_9843d0e61c37ebe8,0.9903646363821552
ck_e2f792fae128b18e,0.7768384599714809
ck_00aa5fc3b3bc66aa,0.8543898961091873
ck_3dc378f37d0b74b8,0.42900794459156655
ck_5e98ed6391d9f429,0.6633326543084133
ck_9036b2e5e9298a34,0.3048176818089224
ck_a1cdebfc42a52448,0.02567732735791404
ck_5f48762a14a0326f,0.15485842330413527
ck_8adb40b168b59d7c,0.38725809737217354
ck_c08e64d424e56c05,0.6120594825830108
ck_68914e67343a7d32,0.7051436137706254
ck_09e9c51eb538b255,0.2704318598492565
ck_f9a68da9e0f0bc85,0.24251375025463434
ck_498a0acd450944d8,0.016429007944591567
ck_67ab6f9e05c85085,0.3754125076390304
ck_aac70764dde15168,0.6774292116520677
ck_e5ece47d0dd10526,0.8299246282338562
ck_aa8b9b36a099e4c8,0.7402424118965167
ck_8d2f62930777416b,0.8302098187003464
ck_8312c49b1431a406,0.4260541861886331
ck_6438ae81d43cb196,0.3079242208189041
ck_949f08f8e80e93ea,0.26582807089020166
ck_f9b439c9161c3e52,0.29911387247912
ck_4dd4ed23e0b927b7,0.9260134446934204
ck_18b36d342b530af4,0.4446730495009167
ck_8c8c98cc694ac900,0.8833061723365248
ck_74b502b20690ccfe,0.37685883071908743
ck_7f0c4f609673ef62,0.6249134243226726
ck_02241f3dc301bebf,0.3276736606233449
ck_6e5752b87324b58c,0.215889183133021
ck_b4068439c413b150,0.5610511305764921
ck_bc82fb1895fddde5,0.2977490323894887
ck_0a45d033d4e280ea,0.5597983295986964
ck_39a3f1da060e88bf,0.519107761254838
ck_8f1cbc432e2774f8,0.6727744958239968
ck_8ef97b55a5fd6ec9,0.18254226930128337
ck_aded05ada490da20,0.32732735791403544
ck_335e63101b1e6c4c,0.8693114687309025
ck_e5c30947b732f661,0.807129761662253
ck_f824b326d5089885,0.9149521287431249
ck_a4d7f6a5869d440a,0.9719087390507232
ck_58e20f5a3e7f11b8,0.9367182725606029
ck_a04403073c90ce38,0.020717050315746586
ck_9eea37d2de633b27,0.5194540639641476
ck_fecb39c82c43e76d,0.18126909757588106
ck_f5adad75e1c06731,0.7503768588307191
ck_43dc13b6b6d31297,0.7697596251782441
ck_3acdb083e0d8ad61,0.2871053167651253
ck_54bfd70022c66983,0.3715929924628234
ck_c422ba389ff00781,0.10841311876145855
ck_b26cdb2b7b165d2e,0.7826033815441027
ck_4563227b2038ae07,0.8534630270930943
ck_355c4f29089731e8,0.9778264412303932
ck_fa4211c4d826d830,0.028152373192096153
ck_e886ba71d4a6fd73,0.6142697086983093
ck_f76d929541ed41dd,0.6927989407211246
ck_0f37c554a5057801,0.9520574455082502
ck_0a7ba51d626e932a,0.6473518028111631
ck_55efc92394fee232,0.6470360562232634
ck_1df4b46c0a4c317d,0.489142391525769
ck_ee52c7bf88f952ab,0.38678957017722554
ck_bc273f3ce79f7e1a,0.3160215929924628
ck_9371c700d9830326,0.4688938684049705
ck_65acc43a6dc3e65d,0.23471175392136892
ck_b0ee3a98175b462d,0.07372173558769607
ck_dfbb2056f1ef7d3b,0.5414952128743125
ck_5043e474f848346d,0.5660827052352821
ck_6be8ae9d78148882,0.3183540435933999
ck_fd4cf578e87703ff,0.6465267875331024
ck_8b24eadf6c72b30c,0.9380423711550214
ck_38c1c75cf055031b,0.7151354654715829
ck_c8001bdb9aafc8a6,0.48893868404970464
ck_d598fe8d2c779ab9,0.7425341210022408
ck_af25c72d16299258,0.051599103687105324
ck_0c1f088e17e46daf,0.4352108372377266
ck_6c7b41374f9b2e55,0.2681910776125484
ck_e4fd8cbd842b6993,0.08614789162762274
ck_220fda3c11c59b6c,0.8270930943165615
ck_e3e95546a84d0ed8,0.5122020778162558
ck_53c8315b5c30acb4,0.18247097168466084
ck_fdcb1d9265d8fec1,0.8870442045223061
ck_94f4266ee7871345,0.25034630270930947
ck_7a7e40ee3f97c035,0.765889183133021
ck_6a519bdac0d94527,0.10169077205133428
ck_ff30dda2c881a4bd,0.9242004481564474
ck_e7b4016909405981,0.05414544713790996
ck_1abb93f6924645e1,0.6913220615196578
ck_5e74fdadb93ff293,0.7582603381544103
ck_fc2a6e27b10b10e9,0.023609696475860663
ck_47ab8e51e5b3a2d8,0.040099816663271545
ck_246989b0c288664f,0.6505296394377674
ck_ddc7c1f3d45fe6e6,0.3901100020370748
ck_0acc3d8c67218b9d,0.42933387655326954
ck_4c840e5585a7b167,0.9021185577510695
ck_1d30eef7110809e5,0.9075881034833979
ck_ebbc9418cd41f692,0.24948054593603586
ck_93cc12703b500613,0.7420350376858831
ck_5060aefcc8b6f958,0.836534935832145
ck_0595c2a0c7881e05,0.38934609900183337
ck_d9735647a6b0b0a7,0.9249032389488694
ck_f89719a854fe11d7,0.5204420452230597
ck_d813e15ac91f487c,0.8561825218985537
ck_cb8551453a7bb929,0.11095946221226319
ck_8642e3b6d84f49d3,0.41179466286412714
ck_9ec7f334604a228f,0.38526176410674273
ck_e0b7e2c0bbe228d9,0.13323487471990222
ck_e7b40b60786c1530,0.3270014259523325
ck_edf229c17d25dac1,0.8156447341617438
ck_4424a5223ba2fe00,0.3943165614178041
ck_c96ae2c28086a059,0.867427174577307
ck_ee40498cd97183d3,0.19959258504787128
ck_13d1b192bbff8f32,0.39026278264412306
ck_079bd18dacb704a8,0.9036259930739459
ck_884168153c9c0c81,0.3865654919535547
ck_dbe58392635133ca,0.6392035037685884
ck_9440335375701f44,0.46931146873090246
ck_9083ca9fec2a7f4c,0.36558362191892446
ck_2f9fd36a4a40a6a8,0.16816052149113875
ck_8bf46e472f3e20de,0.8174373599511102
ck_a76ee3b3e3e522fd,0.8996638826644938
ck_9dd7daacb7833233,0.48055612140965576
ck_8eaf9509ad9462a0,0.027632919128132004
ck_c5517923458106ae,0.5426461601140762
ck_74a4244eb1f162e4,0.03227744958239968
ck_fe1b1adae3be70a6,0.9627724587492361
ck_571133b2aa8ead51,0.5864636382155226
ck_2b87683c90acb852,0.6724281931146874
ck_3f730318a9792292,0.6283153391729477
ck_70804f60d9704128,0.8055001018537381
ck_7356f47dbbbe7904,0.2442350784273783
ck_e7651fb87bb24132,0.49026278264412315
ck_4a59f4e10bf45d7f,0.0921572621715217
ck_98e337806104dd88,0.4127622733754329
ck_c39a9e75760e3201,0.20220004074149522
ck_39d5f6c17c745ab1,0.04735180281116318
ck_ccbdfe744acff8bb,0.4957425137502547
ck_d6ba7ffd2ae08863,0.3789060908535343
ck_0eeb3d9b3e697edb,0.5314015074353229
ck_2a65f1cc23f1180e,0.1291097983295987
ck_c91b7fccf6aeb4a5,0.8007740884090446
ck_e55b7fa67db1ec27,0.04726013444693421
ck_214af0806470ef48,0.2590344265634549
ck_7fbb709a0fe95759,0.08199225911590954
ck_4a9a791a1d409a3d,0.8113057649215727
ck_99e52c3c2530b69e,0.9898604603788959
ck_eb3fb1106f2f1b21,0.7745976777347728
ck_08b77ad5f8f73007,0.5730495009166837
ck_934fb5064b6eefe2,0.3087797922183744
ck_6a92cf5f4cf5de38,0.3352821348543492
ck_9ea5872f14cce338,0.5751986147891628
ck_6ff6883633b8c7ba,0.06101038908127929
ck_f19030e6e85a6776,0.775952332450601
ck_cdabe60ab59f9d5a,0.1817987370136484
ck_75fb7e56432ee4b2,0.27068649419433694
ck_bb84b2b30293f566,0.9211142798940722
ck_b898d912d1181ef9,0.5805051945406398
ck_348a525791ae6475,0.711458545528621
ck_18ddf7e836256e3b,0.5390099816663272
ck_5b73d7c5255e58a3,0.8350376858830719
ck_48d4d63beb26b623,0.21629659808514973
ck_020eb0e454524ecd,0.11489101650030557
ck_961ddb8ff55d868e,0.04860460378895906
ck_109fc467ec0a4af5,0.815553065797515
ck_a872df31b28a5f7f,0.820920757791811
ck_f0093064aa28f4d0,0.7327256060297413
ck_2b699066665abe8a,0.7677225504176004
ck_a17128972d3e507d,0.6957526991240579
ck_8f35d229b62c8f23,0.41206966795681405
ck_ef8a6af43fedd464,0.3431146873090243
ck_1e6628879e9d653c,0.32775514361377067
ck_0aa9db36eb16422a,0.0795477694031371
ck_b53e88c0e927d896,0.025707883479323693
ck_a9cd84a6dddfe584,0.5689957221430026
ck_b498fa91a0776ff6,0.8682216337339581
ck_69eda24e931fb36a,0.15490935017315136
ck_1f0bafec397da8e4,0.5553269504990833
ck_523dce06515b072d,0.31316968832756165
ck_404e2217fd87fdd2,0.08920350376858832
ck_6b954c75aad8c012,0.7176105113057649
ck_614f777c2eb5d537,0.0732430230189448
ck_7f8f864fcc90ca82,0.7125280097779589
ck_58afa1550b3b5294,0.553585251578733
ck_ca149244b54ef3ad,0.0032287634956202895
ck_1573878386886290,0.380148706457527
ck_7ecdee2d7127be8b,0.42060501120391125
ck_b667952253503174,0.29585455286209006
ck_c8307fecafa90140,0.50768995722143
ck_99a92d710a29c1d0,0.26691790588714603
ck_bb6cf7e7b707731d,0.9678753310246487
ck_fe3c1d0ac090d960,0.8918313302098189
ck_fc60f42c68c7024f,0.7561723365247506
ck_f71a4094e889c3af,0.2698207374210634
ck_22311b037456a76e,0.010205744550825017
ck_fb90408f4892a21f,0.49305357506620495
ck_5866b413549765bf,0.439234059889998
ck_2ac36e1dff211d38,0.6074760643715624
ck_ba8affe4b9505a95,0.9443980444082298
ck_1b2d9cae92a1aab1,0.7909248319413322
ck_58f4c3ac61fda129,0.8388266449378692
ck_a378c58294001a36,0.9693623955999184
ck_afc484d1b6907983,0.06204929720920758
ck_030cf09525dba4ba,0.052281523731920965
ck_babb95a76c69509d,0.5106335302505602
ck_5662492a54e6688b,0.7009268690160929
ck_db4083a0d043def8,0.8256569566103076
ck_c0032232c2868328,0.6020268893868406
ck_cc91bd7152d3e9ba,0.45322876349562036
ck_c484c5bda389bf20,0.12394581381136688
ck_a7ea00a1760ad561,0.9876145854552862
ck_cc90e219f1ebf390,0.05476675493990629
ck_ddd65711b5651f89,0.05040741495212875
ck_f589f1e29301b5fd,0.8227337543287839
ck_8c6f059c95872126,0.08961091872071705
ck_87f82b2b5fee757a,0.3645345284171929
ck_3abfc010091d679d,0.548879608881646
ck_b8465b1a5666155b,0.6800977795885109
ck_f0bc3bdee6bfbb94,0.590772051334284
ck_767e0be086b5f601,0.7395599918517011
ck_96810ad39d4cb7b0,0.681544102668568
ck_9741a82faf5c7889,0.8813607659401099
ck_97ffae702f7c3d08,0.042788755347321246
ck_963762210edc5694,0.805357506620493
ck_5ff6108056a3fef5,0.22492360969647587
ck_3168f4f2778d64e1,0.5988286820126298
ck_59d086fab5998646,0.6762273375432879
ck_43292f70a03ddf2b,0.6882460786310858
ck_0b259620eac51618,0.7173355062130781
ck_678e74532ac19700,0.4076594011000204
ck_52e1418cf1aa9871,0.28437563658586273
ck_4f875342394c110f,0.7967508657567733
ck_4f639f4ee6ce8d9e,0.7748013852108373
ck_36224a2d394ebfe4,0.8323487471990222
ck_fc4bfd6e739bddea,0.21240578529232024
ck_88ec57a11b11f702,0.9821450397229579
ck_896096cb167254ef,0.7238337746995316
ck_c920901b9a4ba993,0.971430026481972
ck_2ff1860da2004c84,0.19205540843348953
ck_631ea1ae91ab333e,0.5024750458341821
ck_0b9fcff9667ec05a,0.37379303320431867
ck_d3eab7a06eb48348,0.6371766143817479
ck_4dec3df58077a257,0.7674984721939295
ck_73d3689728270a2b,0.12166429007944593
ck_961e7dbc217cfbbc,0.26638826644937874
ck_dd97429277a2fa00,0.6193114687309025
ck_5c37f7563fa7591d,0.4074658789977592
ck_f2ecab85d4693b4e,0.477632919128132
ck_a0e3a2facd508e49,0.7846913831737625
ck_02e5f9cbbbf2f078,0.3369729069056835
ck_d064428b7e7dc409,0.17743939702587086
ck_4f463ef25325ddfa,0.9038908127928296
ck_a6fe344bbf67f14b,0.3728152373192096
ck_e03b7d0fa0b28f4b,0.1865451212059483
ck_2f6b33bf46976229,0.03955999185170096
ck_9c60ae6958d68dbd,0.8241189651660217
ck_d730ff21bfd7769d,0.36356691790588713
ck_7048bedd554c703b,0.1501527806070483
ck_9e0383e1fb6e214d,0.8818904053778774
ck_733aff0f56f5b3c9,0.5407109390914646
ck_11af112667c98394,0.5073334691383173
ck_004efa95555437e9,0.2552963943776737
ck_7de6997178207800,0.20239356284375637
ck_68dd79a51eabf5e6,0.7999388877571807
ck_0567302c57a2417e,0.855500101853738
ck_59de511b20c842ba,0.6470564269708698
ck_f1ef5cf7f10b16c8,0.7275718068853128
ck_6a475fe324d7d790,0.7209716846608272
ck_31199510b40602a1,0.46514565084538606
ck_2a6d43b9f883b78e,0.9645447137909962
ck_788e78065526ee19,0.6264310450193522
ck_fdf89dc69f700f84,0.8377062538195152
ck_02a8582c2603e675,0.5112853941739661
ck_9c9e8a38bd5a6c88,0.6547361988184965
ck_1c2dcae19539e148,0.7280403340802608
ck_c7a9c7b2eef46a99,0.2708189040537788
ck_d9f8efa6a7800f76,0.4144836015481768
ck_03c4fa4f3ed3512e,0.19919535546954575
ck_c80a94d4660041fe,0.5974129150539825
ck_4819327a78615485,0.08563862293746181
ck_ab3de3d3e41c2082,0.32501527806070485
ck_e86ad2fe815b6ed9,0.7694031370951314
ck_c51131e53baa59c7,0.12294764717865148
ck_e963d8525018d072,0.38734976573640256
ck_a4a01fd45936b078,0.6282134854349155
ck_66aeb00e44486cda,0.9325830107964963
ck_838c52cc1d315ec3,0.6298329598696273
ck_d20d4ba60eec9945,0.5204216744754533
ck_1f1273a67cbad5e5,0.9325626400488898
ck_44e57a0bad5a0745,0.6432980240374822
ck_9df7e153868bca13,0.25715013240985946
ck_50d7c4dab837bf66,0.4078121817070687
ck_9cde4036d0914427,0.33350987981258917
ck_d557b9feb241b3ec,0.11245671216133633
ck_ba4a6b9aa63964ef,0.5523018944795275
ck_5ccc0c94e5e1f849,0.43065797514768794
ck_3cfeade2cf270fee,0.7800468527194948
ck_faeb0da678bb86c0,0.2637706253819515
ck_0f35e930d0614613,0.9820126298635161
ck_0e962eacf98a813e,0.31740680382970055
ck_c8b2e2cb349dd0ff,0.2038398859238134
ck_45f57fb8194cefc8,0.5093603585251579
ck_cf6aa24b92c4d33c,0.9460990018333673
ck_f3bc10e3decefce4,0.11511509472397638
ck_c2466fc40fc9d5ed,0.9950397229578326
ck_5ef50fb07b6737d5,0.23790996129557956
ck_8d0cd981ed3a183a,0.8621715216948462
ck_aeed557007d52e9c,0.08892849867590141
ck_dcef7887a4f1e435,0.7074964351191689
ck_6d6ac1f5dd882aa5,0.03256264004888979
ck_9e3fbd04e3532f32,0.9303422285597882
ck_b8e5244e650aa81b,0.5878590344265635
ck_975c2aa3d4a8c51a,0.3018028111631697
ck_4f75144c6f3b13ad,0.3680382970055001
ck_0e7899a57cd617d6,0.09971480953350989
ck_df8ad2deb0a4ffed,0.487512731717254
ck_cf7a022178165e56,0.09033408026074558
ck_5bc07deb82edbad7,0.054023222652271344
ck_f2aa1b677619ab19,0.29897127724587497
ck_cb42e3be6fe87f60,0.384385821959666
ck_4dfa1c1e9b69fcc8,0.7361173355062132
ck_23756522b58df5d8,0.01832348747199022
ck_c76f1bf40f3b787b,0.016510490935017316
ck_dc569c1167ccec0d,0.9596048074964352
ck_1ce20e4223a936b1,0.6045630474638419
ck_6b97d1ab90f6bdeb,0.6939193318394785
ck_1e97899875bb427b,0.6433896924017111
ck_4b00e75c2d2d0522,0.05884090446119373
ck_e80883208e8d0453,0.34157669586473827
ck_636111f7f030496c,0.2971480953350988
ck_a2d0417791d4132d,0.2362395599918517
ck_7a7bb9be5a7e48ad,0.5278264412303931
ck_5d2b9e6e087b8dfc,0.996506416785496
ck_6957905a65c47879,0.5752699124057854
ck_a33d2325f86ab12d,0.09618048482379304
ck_4df036e2aa7e1056,0.37753106539009984
ck_05ab5b03d0bf9ce4,0.9380118150336119
ck_bc04f51c23290bcc,0.17292727643104505
ck_2ce8931af02a2ce3,0.24195355469545735
ck_dfba788f35d4c372,0.18155428804237117
ck_90eeca1cda79fd41,0.13125891220207783
ck_f96db2a1f3448d1f,0.37507639030352413
ck_af5842fa7202ff25,0.6447850886127521
ck_ea62ebfc1f04b49a,0.7438174781014464
ck_75bb521de55644c7,0.22493379507027908
ck_81a960fddf79ecf1,0.9753412100224079
ck_8da980cb2e1e2bfb,0.4532695049908332
ck_fa321945ebedb916,0.5953147280505195
ck_00dafc060c8de32a,0.7842635974740273
ck_f81a97d350397306,0.7209207577918111
ck_255d87b7fb40caa5,0.39243226726420866
ck_d5eb179dc45394c6,0.6150132409859442
ck_628f449e248c19b7,0.8648299042574863
ck_d9506476ad3f9e08,0.4354654715828071
ck_e3f1d85fa5d49396,0.26042982277449583
ck_6f3a28eecd2c4031,0.30508250152780614
ck_46d8c029d46867b2,0.30810755754736197
ck_daf7aea023b7a8f6,0.5654308413118762
ck_aa37993f1c17cd1e,0.5649826848645345
ck_9c3aa9f23d01fa1c,0.21302709309431658
ck_9658a6ef471053f0,0.4314015074353229
ck_260cfe9141d249f1,0.9271542065593807
ck_8f6ce158c2902877,0.104379710735384
ck_430a3d03be588201,0.1982990425748625
ck_b5f9dd00914b4db4,0.23027093094316564
ck_1c6820fc38135ad9,0.4084538602566714
ck_1f22f04dfc08cf27,0.11166225300468528
ck_aa0a3179f1111674,0.2304237115502139
ck_9d4b5e6b43bad4d8,0.11002240782236708
ck_e3b3c5a80a567418,0.196272153188022
ck_937f0da2306b2eb9,0.40059075168058667
ck_cce8b6657a538fe0,0.5237217355876961
ck_9e665618a4860306,0.22377266245671218
ck_8cd274cc85aa35d1,0.6627928294968426
ck_b7da6640fa2f49cf,0.9361071501324099
ck_f568772b6cb3febe,0.8328580158891832
ck_e95c8cc1864bd584,0.06054186188633123
ck_66600620149c8799,0.20890201670401304
ck_81307759252571be,0.34842126706050114
ck_378a9df82b1e0bee,0.9120798533306173
ck_9ede89e8a43c3f53,0.8727031982073743
ck_2ae6949246ea2648,0.29656752902831535
ck_2c27b77c59d8f23b,0.6565593807292729
ck_94940d783e7988e6,0.17278468119779997
ck_2db10f987d137582,0.7118659604807497
ck_dac3852758f4ea89,0.06708087186799755
ck_b5a3e20fd210017d,0.28347932369117945
ck_3f7c870510083a51,0.5826135669179059
ck_96a89e720176b389,0.8336524750458343
ck_1aa87cb62acc0ac6,0.5525870849460176
ck_78cc5ec4940fec3b,0.40983907109390916
ck_31742076e9a998f8,0.5452638011815034
ck_3f9e6d356d3dd3cf,0.11365858627011612
ck_ab1b9d019921bca7,0.21453452841719292
ck_c8791f7ebd4d93c7,0.618822570788348
ck_47a6005fabc33551,0.2367386433082094
ck_5a540b75c866166a,0.6836932165410471
ck_059e4fac6b7f704e,0.37249949073130983
ck_6c72a36b05fa0f4c,0.46519657771440215
ck_966a167758fddfd4,0.557547361988185
ck_9ce743dd3e92549c,0.5387859034426564
ck_08a6d4903a7fbaca,0.3330209818700346
ck_8e5999c436cf037e,0.08436545121205948
ck_acc764b49ef02826,0.9212161336321043
ck_7cc2e091806cfa5b,0.6436137706253819
ck_5ef935ac3d4d3332,0.511784477490324
ck_a84f2cdf695a71d6,0.3411183540435934
ck_0a4d7acd2a53cbbd,0.5315644734161744
ck_c5e4a17d3efb19a4,0.9096761051130577
ck_8716cbf892c50e29,0.27376247708290896
ck_b8c7771de9b57705,0.14435730291301693
ck_0deb56f3f6452818,0.20327969036463636
ck_c1e5182bd99e0e35,0.9211957628844979
ck_f786cbc987b70930,0.2902831533917295
ck_ab581082e8f72e3d,0.1950499083316358
ck_45e70c8a9686580c,0.8445508250152781
ck_6fce5a893613fd2c,0.05030556121409656
ck_003148504557f720,0.8177632919128133
ck_fffa0622344a36ab,0.2829089427581993
ck_d19bf4dc0627113d,0.2224689346099002
ck_a337eb38eefdcc88,0.68107557547362
ck_d4b23804cebb045d,0.447107353839886
ck_7bda5b5b927b2905,0.7665716031778367
ck_f8124911450fdf31,0.9661336321042984
ck_b4d2f02d2cd45720,0.9341108168669789
ck_0f4e2ec66d50da5f,0.24344061927072724
ck_186161ce152836f5,0.2814626196781422
ck_e4d0a9e1102a58b5,0.4080464453045427
ck_a115a7919ac5875a,0.6569260541861887
ck_c8efa1538b37c359,0.4020472601344469
ck_4d9eb75e8eee90fd,0.7143308209411285
ck_9ea3d5a5a91fef9f,0.8872988388673865
ck_3c59df37895ead2d,0.2173762477082909
ck_ea269b35406473e8,0.18060704827867186
ck_2a5b31594206eb30,0.8860052963943778
ck_1fcc5843f39148a9,0.21289468323487473
ck_7951bd4eb99a0175,0.09802403748217559
ck_abcbde211b6267f8,0.8090649826848646
ck_7b922518f667f76a,0.06854756569566103
ck_0bfc394c5faa65cb,0.6524954165817886
ck_0bd77fea8ed75a15,0.27196985129354245
ck_7c77e597c951cdad,0.43602566714198415
ck_e72db9d4b2fc9997,0.988072927276431
ck_ab01db9117acfe3d,0.41716235485842335
ck_471e4018a23b4e56,0.35573436545121206
ck_4b31a8862a857e6e,0.9502953758402934
ck_87cf36a03bd63c24,0.8759115909553881
ck_adc576690df5b33b,0.5708494601751886
ck_02dbabda93c8c13d,0.5538602566714199
ck_64f5eb4be9e7b8fa,0.9113974332858017
ck_43c1248db37a2eb0,0.1763088205337136
ck_b08afc91d9ca55db,0.6019046649012019
ck_237508ca4fb37268,0.7947952739865554
ck_982b0bf2e2b6c4f7,0.3480036667345692
ck_71c3a8e4c12c989f,0.36395396211040953
ck_41938582f4351772,0.367987370136484
ck_642344e5c652d8df,0.4437869219800367
ck_cee56be5a502fbd1,0.8957017722550418
ck_0f38d4aed68d7d24,0.8894377673660623
ck_3ed4d13f12fd9d0e,0.8432776532898758
ck_1a9e51d092d62c84,0.9395090649826849
ck_22128a4f0d033422,0.5410368710531677
ck_c189b551bd111332,0.03857201059278875
ck_5d7801201749ffde,0.49233041352617646
ck_982c2392238b7be3,0.928284783051538
ck_bb4c6b713eb0b978,0.8697188836830312
ck_2605fd571219e28d,0.09980647789773885
ck_bd30853e9a57b544,0.3625891220207782
ck_a5276af466b681de,0.09537584029333877
ck_32e486859130458f,0.9678447749032391
ck_9e35b908fca1e4d7,0.09783051537991444
ck_c285a51ed6214f52,0.5831635771032797
ck_67674348e68d1f25,0.4583825626400489
ck_7878679065876b98,0.5392136891423915
ck_bd32dd3b2cbb7888,0.9942147076797719
ck_16dbafc035574654,0.24327765328987577
ck_c1c2cb49c3c1b0f5,0.900234263597474
ck_8f59f11b512d5b7c,0.6348136076594011
ck_c1b493527224a27a,0.15837237726624567
ck_e89d25ed7bdeeaea,0.10715013240985945
ck_9a84b396aada3fa8,0.6928091260949277
ck_d2fbd0df99634676,0.773018944795274
ck_67a1aa88d2ea554a,0.6641067427174578
ck_ab2e3fc56f5b3aae,0.805540843348951
ck_77c587d24695ea15,0.6576899572214301
ck_f0d806624ef3d359,0.30211855775106944
ck_160e9ba0a3f7c1fd,0.08749236096964759
ck_8c0210322733c718,0.3993277653289876
ck_ef261fc09be8eb0b,0.23101446323080058
ck_a2624e0387974e0e,0.6663475249541659
ck_6ecf56236789fc09,0.9872479119983704
ck_3af1eb88728ed8c7,0.5064473416174373
ck_5d8773badd0d4740,0.41804848237930337
ck_e794741742fb2619,0.33604603788959053
ck_2f8120ca80a1592c,0.5520268893868405
ck_ccb4dd9d0a48a76e,0.4842839682216338
ck_bfa7ba218b988cde,0.6160928906090855
ck_64b4dcbf436f0b75,0.3634243226726421
ck_41ba315d8fccb559,0.30029537584029337
ck_d23f9a50d1135ce1,0.7883886738643309
ck_4af5ec61ddbde1a4,0.45396211040945206
ck_560bc6017870ab06,0.3706661234467305
ck_dbdf8d0708cc6718,0.563974332858016
ck_e00332597cf1eb24,0.5903748217559585
ck_df6fe4ec5a233213,0.11409655734365451
ck_94d5ce61a0c50465,0.4704929720920758
ck_e6fecb82fc2a82de,0.35222041148910166
ck_c4f4f28457be8a74,0.11283357099205542
ck_c7e129058beb3ac1,0.5811468730902425
ck_4ec040b9e3785e4a,0.1981258912202078
ck_e21f9f96f597695b,0.4899572214300265
ck_ada6ede84c111719,0.2689549806477898
ck_549ed417f2834cee,0.8723976369932778
ck_5068ee554ceff971,0.6877571806885313
ck_d7d50fb57fcb2d0e,0.12594214707679774
ck_e0e9cfabb979f428,0.210623344876757
ck_34bd190d37eda534,0.8100325931961704
ck_99021fe7225b5a68,0.8361886331228356
ck_55933936536a4071,0.24657771440211856
ck_517620ca16505af0,0.14156651049093502
ck_ce927322ef8f651c,0.48770625381951527
ck_b294aa27a0b586d7,0.22222448563862293
ck_c9f9fddef39bc664,0.7563454878794051
ck_13757bf0eeb353e2,0.5884497861071502
ck_d116e0e7c19b878e,0.9365451212059482
ck_a3747201f377626d,0.983265430841312
ck_a315c9619a317609,0.5301588918313302
ck_9958b58da9e3c21c,0.5622835608066816
ck_89184bf7b7fe41cd,0.8980647789773885
ck_16b66bd803288bc3,0.9405988999796293
ck_7b382e533e2e925a,0.49960277042167445
ck_9a56739d81f84a53,0.2139641474842127
ck_4f0c5857da45fb28,0.8451925035648808
ck_3b49768b448b071e,0.5375025463434508
ck_54bb53b8f8ea32ae,0.9943980444082299
ck_4c7c50684827a2cf,0.13963128946832348
ck_538dad7f096458ad,0.6701161132613567
ck_2884bab237af16b7,0.5428702383377471
ck_8a6ea4a79b1c7a8e,0.37894683234874726
ck_57c14e32fa4683bf,0.18999796292523938
ck_c5b0f0d4f1655a20,0.708851089834997
ck_aba573aa942b1d41,0.43091260949276844
ck_15239ef0689c1a35,0.3561315950295376
ck_aa153a89a52f7eb5,0.5391220207781626
ck_fce0610c527e2b56,0.8417804033408027
ck_863db2e394dc47d1,0.9772458749236097
ck_66dd4f4b4127256d,0.027184762680790384
ck_79205e31223df2ad,0.4749541658178855
ck_31d5e3daced93d3c,0.6097270319820738
ck_1fca72e03143a645,0.9762069667956814
ck_a627734880aca848,0.14597677734772868
ck_8449a28f7d475d93,0.525768995722143
ck_27eb86a9898cdfe3,0.26769199429619067
ck_50087d8666191144,0.9034324709716847
ck_d28806a2179092eb,0.996598085149725
ck_bcc8519fe8521038,0.6863108576084742
ck_53036d3c6c74446c,0.9062334487675698
ck_7d81b59d615a6649,0.6563658586270117
ck_5e5280539257c986,0.38246078631085767
ck_1838cf8d00f5b1e1,0.2285088612752088
ck_50460e0189de6274,0.9798125891220208
ck_325caeab5c7a9c3a,0.29446934202485237
ck_7ce4ca91b8f9f1c1,0.1649623141169281
ck_f87d66946252476c,0.8907618659604808
ck_6d0d081bfa8a0022,0.7003972295783256
ck_ffc8e3c1377d0706,0.2654002851904665
ck_38d1a22850178f33,0.15371766143817478
ck_5c58e7f8fd55e26c,0.6269301283357099
ck_1375ad9f10688e4a,0.22872275412507642
ck_7ce768407fd48321,0.7683540435933999
ck_31b16b8848584e98,0.6163067834589531
ck_fd44e34af620e606,0.6277958851089835
ck_9441d48a12e8a4bf,0.9230087594214709
ck_f69e93388b3028cb,0.8038908127928296
ck_687b412e2aac7eb6,0.788582195966592
ck_f473a03fbcdbc4b0,0.19489712772458748
ck_28588fb03b320520,0.5692910979832961
ck_9f9555197480d1cd,0.5478916276227338
ck_2ddfc948b8eac752,0.9193725809737219
ck_d56fc799542299b8,0.26999388877571806
ck_edde1d7d1db24725,0.6737319209614994
ck_81793387b38047cc,0.2572723568954981
ck_13648cbd306eee6d,0.43995722143002647
ck_a5d7311291caaa54,0.16310857608474233
ck_bd26d2bef14a8597,0.23916276227337546
ck_8129e81cde280131,0.2738847015685476
ck_431118050b834dcb,0.1667651252800978
ck_580dcec33ec232b8,0.10994092483194134
ck_ecf006bbc78ee3eb,0.8641984110816867
ck_acf7d65eaaa4c31c,0.14504990833163578
ck_8ce9c5807acbef48,0.19463230800570383
ck_c3d7d3d12a1981a3,0.14988796088816458
ck_9075432001a64e75,0.43511916887349766
ck_f99738dff854e25f,0.12379303320431861
ck_a1a93c5f375f6021,0.04467304950091669
ck_a35d81bcc54ece2f,0.32462823385618256
ck_f3996a3c8eea1ea0,0.361366877164392
ck_b75b936aafac56b9,0.40566306783458955
ck_25c355da356c730d,0.3348747199022204
ck_5615c6bbdef05291,0.8899470360562234
ck_4db95c310e105d30,0.04788144224893054
ck_b76510998b9a2260,0.6483499694438786
ck_90bc176c43d85fd5,0.9108677938480343
ck_4b387765f0e916cd,0.31769199429619066
ck_f11b1565f986f5e3,0.6347728661641883
ck_e5018f9418e0102e,0.6246995314728051
ck_a08f8dfadbdca112,0.13517009574251376
ck_cdb8061d8d1a6c5f,0.07607455693623956
ck_6e8ebaea8f7bffaf,0.008739050723161541
ck_66746d1090d6d9e9,0.026909757588103482
ck_9cf5e88e97c8c7ea,0.5198920350376859
ck_fae7e518a585fa61,0.607496435119169
ck_8fc641b1750a2542,0.8875025463434509
ck_c9eeab826781dc91,0.6439295172132817
ck_95ffa1a805a1c9d1,0.39804440822978204
ck_e839d104854945f0,0.14135261764106744
ck_f04040a830f92bac,0.3270930943165614
ck_e8b5bfa6838e28d1,0.5035037685883073
ck_72e7b1acc19df820,0.34452026889386844
ck_fe43da07608b1749,0.4590140558158485
ck_7e29c10d781c3b41,0.2719189244245264
ck_f56073911c9f1ab7,0.12560602974129154
ck_68be4fefc85a6b64,0.9218374414341007
ck_f07b09879d697b82,0.2984008963128947
ck_b9c6b32f6bd92a3c,0.24393970258708497
ck_c8ad86806b9a2369,0.8000712976166227
ck_722ac47c8ac9b6c3,0.9123854145447139
ck_d812eb6930192793,0.14337950702790794
ck_1774faf414a5d49d,0.9756467712365045
ck_7b93a622e40d8b14,0.7286209003870443
ck_39638880292782a7,0.8298329598696272
ck_11132d245b94d045,0.21558362191892444
ck_f736cffbdb82db34,0.04877775514361378
ck_0e477084434da450,0.4185577510694643
ck_ea819e337233475c,0.8543491546139743
ck_c6b6ebe145a8ffab,0.24207577918109596
ck_0af3c13ba56ce57c,0.09770829089427582
ck_cee8d42475a0f020,0.3837645141576696
ck_748b3ea941d8b3b9,0.18526176410674272
ck_96c3a3517153390e,0.5469851293542474
ck_de8af660806b97b5,0.032766347524954165
ck_2951d76c41de2569,0.7196068445711958
ck_35fe969c58b9e70b,0.7674882868201263
ck_59684167f9c6bf4c,0.9104501935221022
ck_1645e6cc53fa99ff,0.8190059075168059
ck_fa04ac31e596e7d6,0.5629557954776941
ck_ace21f6daef94f6e,0.2841719291097984
ck_1cef30d08f3a598d,0.12420044815644735
ck_cb61902798ecc4fd,0.7242717457730699
ck_9ee044b73943a90b,0.36281320024444896
ck_f538ab6aecf2adfd,0.059289060908535356
ck_c2608f78f6851d10,0.9409553880627419
ck_cf49b6544aff6c50,0.932715420655938
ck_f45bad1606fa00a7,0.29943980444082297
ck_863708a99b92ef0d,0.7162456712161336
ck_7fc9a0776e1339e3,0.11066408637196985
ck_320df984791a1b99,0.3593909146465675
ck_6fb2d142c09ed3ed,0.5522713383581177
ck_3e47f8c56c811700,0.2512426156039927
ck_0add2c321d579d75,0.4490323894886943
ck_e4c0fc52c82065d3,0.1860765940110002
ck_ca68dec0c7df5a12,0.23292931350580567
ck_ae3a763997f8f385,0.7503870442045224
ck_a38bd07a5fac5c9a,0.26132613566917906
ck_a73045e96af0e4fe,0.48372377266245675
ck_f29dbbfdd2786bd1,0.28828682012629864
ck_a7331e8b808c39aa,0.8145548991647995
ck_16340be3f2a7fffd,0.21928091260949278
ck_b129261da9c3c3c9,0.22535139539621105
ck_07840bba5570785b,0.7673151354654717
ck_abb056a9deab275a,0.7943776736606234
ck_126531a9126c17c4,0.07870238337746996
ck_333a43ec339a04cb,0.8622020778162559
ck_34a6bd3be642f15c,0.4057241800774089
ck_9c46711b14d9eebc,0.0772968017926258
ck_3acccc69f8b1fd14,0.6073232837645142
ck_74665e1209140ae8,0.7830311672438379
ck_670dc4910cf476c2,0.07317172540232227
ck_7e2d6b22a0ae20c2,0.667569769810552
ck_723323f6870fab59,0.4231004277856998
ck_c8affb27ba7fb5db,0.6922081890405378
ck_e5f8c8a5824db594,0.3696374006926054
ck_7e5f02b51b9f78bf,0.8385414544713792
ck_b7e25ddd41514d4c,0.10663067834589532
ck_0e0919292ad33472,0.9679568140150745
ck_e35a4b4a3cb4cedf,0.4063658586270116
ck_65be698386474170,0.08063760440008148
ck_0cf220816e320ac5,0.2675595844367489
ck_0308e0602b856445,0.08552658382562639
ck_5e1b81848718bdc3,0.3328478305153799
ck_2085433978e72ea9,0.762395599918517
ck_b5e4c6dbbed1b773,0.5570075371766144
ck_eb9f0c06ee017ee5,0.4054084334895091
ck_30dac0a58c5590cb,0.8973314320635568
ck_05e01ab9c95449da,0.47864127113465066
ck_f409ff994a210601,0.8374210633530251
ck_05652e8ace6ce6cb,0.16397433285801588
ck_f4ec4a935e51b4db,0.4077001425952333
ck_df5aedb4118020bf,0.9638113668771644
ck_1dcaa3078dbb7571,0.04624159706661235
ck_47e1032f490bb018,0.3066510490935017
ck_5ea89567dfe78e4b,0.3773171725402322
ck_1225a97fc413a419,0.8211244652678754
ck_2296d7a563424883,0.2920350376858831
ck_57c07c45269ca8c0,0.24923609696475862
ck_7df3f8f4f1068d62,0.36816052149113876
ck_558ebde8c29132a4,0.48657567732735796
ck_2d923d957ffd4d53,0.4352923202281524
ck_6ddb55b1f23c6cb1,0.5794051741698921
ck_93470896f0804b6b,0.9620594825830109
ck_556c62e92d4e7e5b,0.8945915665104911
ck_a059d00cee5cee99,0.09306376044000815
ck_0174d76398d9dc0f,0.6639132206151965
ck_49e253ea12f4e922,0.5860052963943776
ck_f7276091bf513d22,0.3717865145650846
ck_d321249fb065d2fa,0.8225402322265227
ck_e0403d507519b7d2,0.30631493175799557
ck_0f3de7f074bb33af,0.32919128132002445
ck_bec8324a3587ef04,0.056101038908127926
ck_a3c25d6cc7478068,0.533408026074557
ck_2ab7eddee2d8c49e,0.33625993073945815
ck_e475a3b8ba870a7e,0.2139132206151966
ck_9b2b0e286de78a1b,0.735740476675494
ck_5cf67a3a747e684d,0.8658891831330211
ck_9401f9e11f65337d,0.6922896720309636
ck_a0e5656e1cf9cbf5,0.18984518231819109
ck_398a1ed77b0130e5,0.5590344265634549
ck_4f5d022c99f118b7,0.5679466286412711
ck_630530e50764f229,0.2191281320024445
ck_5cacad76e02c8e3d,0.968547565695661
ck_2cee2dd7bbfc09a0,0.9694235078427379
ck_9478dfe4114c30f6,0.6650132409859442
ck_2a09c7aa870edb6b,0.05152780607048279
ck_d5d225ce41a1a762,0.47500509268690166
ck_76091f357974a152,0.38930535750662054
ck_26cfd7c3c6c7bf69,0.43612752088001633
ck_8e54386f4fe22cad,0.6478407007537177
ck_22b52654776a1ea8,0.9583112650234265
ck_822d6e8e43befc72,0.9534630270930944
ck_15eed0f5652f0352,0.2857302913016908
ck_6bc351a3d57aac54,0.5007944591566511
ck_bc736114a31088a7,0.5502444489712772
ck_002cf760d173f0f8,0.58965166021593
ck_8f8e4fb9c6190272,0.37848849052760236
ck_a39d0bca345b492d,0.4369423507842738
ck_216e87a41de22b5d,0.7724689346099002
ck_75296704f5806f56,0.6250152780607048
ck_2bdd8616870e5e1c,0.2685271949480546
ck_798157bcdb9453e1,0.13199225911590956
ck_9a1e3ec9a1839939,0.17633937665512323
ck_a9d994554fc14a02,0.02365043797107354
ck_410c3e13b48e0415,0.20237319209614993
ck_d4febf0083800424,0.6859339987777552
ck_9527adac182abe57,0.9459767773477287
ck_4087065be2a45ad7,0.9125381951517622
ck_c0e8560ccfd9dd9d,0.12501527806070484
ck_8d87658a6f5d204c,0.9266449378692199
ck_d973444855403e2a,0.5254532491342433
ck_64eefec062592c43,0.37938480342228564
ck_5b86fd14e85bc9c7,0.9511713179873702
ck_ba175b1bd8efaabf,0.2007129761662253
ck_7696e38b3e4197b0,0.28109594622122636
ck_51bbbf8f8e8ad005,0.9971480953350988
ck_df935d8bdd44883e,0.316775310653901
ck_a0714f98001efa0c,0.5215216948462009
ck_8c9b57ad2a991416,0.3614076186596048
ck_c8c1bf16d9113493,0.7473619881849665
ck_b89cb90a420c9075,0.3523528213485435
ck_f0424b3b36bdbef0,0.8388979425544918
ck_8e89ca8b39f3f8ad,0.2638724791199837
ck_9c5feef7647b0588,0.3976166225300469
ck_374865697f1480eb,0.7199735180281117
ck_0229a07185f15469,0.2640354451008352
ck_4291fd9c1161d8e1,0.6585964554899165
ck_61a59a7944d6c53e,0.9389896109187208
ck_f21efd504faa654c,0.16974943980444082
ck_64c1633297f43788,0.06268079038500714
ck_991c4c924a1d85ff,0.9259727031982075
ck_2dd39723c4088b64,0.45052963943776736
ck_65f76421be648549,0.4878182929313506
ck_1b93381d8eea58d1,0.3719698512935425
ck_8572c5f5c1447c62,0.735597881442249
ck_80b8fca67a14e0be,0.907455693623956
ck_45ed5ee496ef8a67,0.35477694031370954
ck_36979996f33498f7,0.957873293949888
ck_219bef979ee21bdf,0.05984925646771237
ck_7a6cb27e390b6ceb,0.6573843960073336
ck_d07485ba10514a2d,0.9210837237726626
ck_81e21354e477eceb,0.7481870034630271
ck_df39e3b8a9fd0bfd,0.9485231207985334
ck_49839e761d0e74e9,0.2600325931961703
ck_9d7b9e3ff1f3e71e,0.3121715216948462
ck_f63cb5e8cc702bad,0.6070890201670402
ck_cb856e75c949b0cc,0.0017315135465471585
ck_0fd9312411b0ac55,0.5667447545324913
ck_9affb0f26776b642,0.04813607659401101
ck_c417d06f3e94685d,0.20408433489509067
ck_6c2453229d608183,0.7195457323283765
ck_1867b1199c864db5,0.7701670401303728
ck_8398adeaf41f9cae,0.3495009166836423
ck_796d3eaabc667c23,0.9899979629252394
ck_b4d55bc809000276,0.6461601140761867
ck_839bf139296b5cea,0.8335302505601956
ck_e57b94fe57341058,0.6191281320024445
ck_8ca808cc5a49cb5c,0.29667956814015073
ck_f4ec334be5266378,0.5794764717865146
ck_61c3e3e277629646,0.5905174169892036
ck_483fb981a1fb4317,0.1759828885720106
ck_71f382d5e338daa3,0.5519352210226116
ck_124a197be41687f5,0.5375738439600733
ck_4e4f99102f6938cf,0.3968017926257894
ck_3add4d23124c9290,0.13547565695661032
ck_5c3f13de0dbd5086,0.5735485842330413
ck_921ff5ceaf40a968,0.8434100631493175
ck_fb0c138c003e933a,0.2364432674679161
ck_5177fc7137ff26ce,0.1560195559177022
ck_dfd4e79aaa967b63,0.513882664493787
ck_850ec97a5a0dab9a,0.5578325524546751
ck_d1a1cf4cf61d6801,0.5397840700753718
ck_646b15f753e5e9c6,0.7834487675697699
ck_60f4fb44f5efe3a0,0.1209920554084335
ck_b53084ffede19a8e,0.0957221430026482
ck_5b16d67c5ea89930,0.43264412303931554
ck_a4ddac49657a4450,0.67101242615604
ck_f917c82af80e4a79,0.7781829293135059
ck_b87ef4b98cfcec4c,0.619474434711754
ck_877c85bad118bc62,0.7007537176614382
ck_42317c3eabd0a285,0.9515889183133022
ck_a5bdd026fa9c50fd,0.4140863719698513
ck_7c88d3d377bb61bb,0.4984314524343043
ck_9acd98f4fe2d474e,0.7738032185781218
ck_6d64193681d2a94f,0.8169892035037687
ck_991b7dfd69098320,0.05229170910572418
ck_c5ece5ffb8800ad4,0.21464656752902833
ck_ffe91d6f0bd93fc6,0.8457425137502547
ck_14f9535e53f9c7a6,0.4521083723772663
ck_e35b2ed08b9e55a7,0.2111733550621308
ck_3ad6e7bf452c9b21,0.32371155021389286
ck_ad8cbe6e27e47ede,0.39525361580770013
ck_29fbabf855cabdff,0.3632715420655938
ck_700cb620f300dd47,0.4714707679771848
ck_b1cbd6679c0f8d95,0.17964962314116928
ck_708fea345f68037e,0.2111326135669179
ck_b08247c3ad567d92,0.9488999796292525
ck_25fea39897f2a559,0.30896312894683237
ck_9eb80edfa43203de,0.34611937258097375
ck_6cbb011e0c70bc7c,0.17733754328783868
ck_309a432c160a17b3,0.2900896312894683
ck_e949a0f4df0b3902,0.9184457119576288
ck_4b123d6931b6d0d7,0.9242004481564474
ck_13677a1957078827,0.03336728457934406
ck_243bd5ca8c4ae5d0,0.18135058056630682
ck_360237c1bd30f4bd,0.33248115705846404
ck_b17c239f160e6017,0.3094723976369933
ck_c91a628236baf91b,0.8271745773069872
ck_182dc4a2f5a366da,0.05137502546343451
ck_9fba80f56f357fe1,0.6995925850478713
ck_c1c5ea839c58958a,0.5637706253819517
ck_6a0684436a1e66c3,0.9110002037074761
ck_63d2978706e193d2,0.6652984314524344
ck_8703543bf3134306,0.4640048889794256
ck_d79bdf04d6f31cd5,0.2683031167243838
ck_b0d33b5a3716661d,0.30071297616622533
ck_bce253d2396681a1,0.4662965980851498
ck_9be551300209fa83,0.6745161947443472
ck_ec3d12848ced99f2,0.4907313098390711
ck_ad305286702b1958,0.06297616622530047
ck_96c7d52ba0a766ef,0.7997555510287228
ck_e1d5ad20c737c745,0.7489610918720717
ck_7429b3f87528e335,0.34267671623548585
ck_cf606fd6ebfdf9bc,0.3056630678345895
ck_878522cb775b904c,0.7844774903238949
ck_218b7e6e6dbd2da0,0.5168364228967204
ck_1dc23dc870f1773d,0.4822570788347933
ck_fac046ce336fe39d,0.5541352617641068
ck_0d846660c7957a88,0.30589733143206355
ck_6821459b626d492c,0.13559788144224894
ck_dc4db8b932df49de,0.8923507842737829
ck_c49832eabdac5bb7,0.04115909553880627
ck_c3e37a4d3382c32e,0.018476268079038502
ck_68b8b859a6ef505b,0.5762477082908943
ck_8d501a0386c66be8,0.9193623955999185
ck_86b853c52f20fef5,0.1920554084334895
ck_15886fe84866de92,0.5331024648604604
ck_92de019e05971ce3,0.2985027500509269
ck_af7ffd1a822460d3,0.8821654104705643
ck_917d82c552f95a23,0.7100835200651865
ck_74e5dec189761d14,0.3611020574455083
ck_54b374ade34e1dc1,0.20786310857608475
ck_beb97e498e6cf8e8,0.7507027907924221
ck_a96aaef34173aee6,0.9196068445711958
ck_79ffcfee599d77c7,0.7472906905683439
ck_322ffda3332d08a2,0.6748523120798534
ck_3b1d7648d4580bef,0.15498064778977388
ck_6e4b99fb9725d9fa,0.4315746587899776
ck_893b8afbe11301e1,0.28665716031778365
ck_56b992c6f136fa5e,0.5843450804644531
ck_c624b9063400fa3a,0.8393766551232431
ck_bed3e3db135b782e,0.5743939702587085
ck_5d038ecb3c8748a3,0.42830515379914447
ck_77fced07f6dff42b,0.5434406192707273
ck_05d81b1a150f31c5,0.14914442860052965
ck_285719c77eadf915,0.06132613566917906
ck_664b5e02759f985a,0.20402322265227135
ck_eb48c0bcd12ea654,0.5371460582603382
ck_1bcff399166d7c43,0.23467101242615604
ck_e9e3381d5e0e5051,0.14739254430637605
ck_f5f87f772388efa0,0.5881951517620697
ck_80b072b7f3c7e8e5,0.27736809940924834
ck_386680372fb54857,0.12007537176614383
ck_d98934f9fe0b02b3,0.04179058871460583
ck_283c5bea94b21e80,0.36515583621918923
ck_8dbaaa00ad829ca9,0.4306987166429008
ck_9782c86ba6485f88,0.11065390099816665
ck_83a69c4a5d55ef19,0.6886840497046242
ck_4fa85cebf707de2c,0.042503564880831124
ck_ce1500a7f0d03fba,0.3661438174781015
ck_73d60b4630e3937a,0.11111224281931148
ck_279d43303708109b,0.4015991036871054
ck_64ff60c073fdb6db,0.7088714605826034
ck_d5c14e877ca7b755,0.22037074760643718
ck_7e5401c362b2216a,0.08529232022815239
ck_064b2aa3f0bfdb6e,0.2185679364432675
ck_70066eea13b4c34f,0.43432470971684667
ck_f0d349d68249d5db,0.24348136076594012
ck_86bfe328e0a533b9,0.9671623548584234
ck_18f67c00ba21fbde,0.37901812996536977
ck_72fdfc7e6d8e1436,0.18929517213281727
ck_75257ca7d7da2861,0.6436952536158078
ck_a0c3059a959ba5d1,0.6949887960888165
ck_52f641c9ee6fda70,0.3255551028722754
ck_7c6b577174af7a78,0.18487471990222043
ck_52174855b243a8b0,0.6854756569566103
ck_c12805fa5d970a83,0.6302200040741496
ck_0406931800e0e2e6,0.4958341821144836
ck_4b97d19ed946f503,0.6110205744550825
ck_87dc484baaf5a23a,0.004552862090038705
ck_539cb0d117db8cd3,0.8908026074556936
ck_09f8f51bfd2492c6,0.41140761865960485
ck_05c4dcbb45de1f8d,0.13121817070686495
ck_37139b41c5370523,0.788022000407415
ck_ec094eb1cbb3efc5,0.095386025667142
ck_db32c95ce2b6f502,0.9326950499083317
ck_7a02ee1bfba7353b,0.5791912813200244
ck_571dee4f3336c7ce,0.4881747810144632
ck_c3c69aefe7ea1d2f,0.6952943573029131
ck_de05f97c3d40dd1b,0.7286209003870442
ck_823539d936c55fc6,0.30300468527194946
ck_97e94708bcf43563,0.2573232837645142
ck_71c68dfd011dbbbe,0.961509472397637
ck_f5791fd8fd8fd191,0.3804848237930332
ck_ec986285fff05b7d,0.12220411489101651
ck_da3526ab6c5c884a,0.6743939702587085
ck_f9197b070416f443,0.20144632308005705
ck_4fc6256e0e60a926,0.5370849460175189
ck_9c0deab8a8367c5e,0.025269912405785293
ck_f34fb7ccf82f41e5,0.29079242208189043
ck_777669e2243204f2,0.9529944998981463
ck_d3a2a4c011fa2554,0.1634243226726421
ck_ac84b33304362c06,0.31029741291505397
ck_16af4be191c47d3d,0.14415359543695255
ck_0446920a1004c596,0.18617844774903242
ck_0c6a50d747593b7b,0.5643206355673254
ck_193d9c87ad3f1dad,0.01440211855775107
ck_5b8315726f6204e0,0.38297005500101855
ck_f7e53af3c91fec64,0.46484008963128953
ck_e679fbf4f4f4aa07,0.14877775514361377
ck_59a14d2564193101,0.15116113261356692
ck_0e9ec486bff403c5,0.3198207374210634
ck_f6b7a10d47dd9a1f,0.29241189651660215
ck_4b4d99e443618904,0.5815237319209614
ck_4f05daf1cf0d5755,0.15407414952128742
ck_64ac5e6fed86ab60,0.9809024241189652
ck_01ac687ce0d696a7,0.5838358117742922
ck_5f9a7ff990341bdd,0.19724994907313098
ck_010d0c2e6c1657fd,0.8029435730291303
ck_4b2e87d86a5e415c,0.5294357302913018
ck_66f9f78d4c6a3edb,0.6170910572418009
ck_0b1d84252c0b46c2,0.4215013240985944
ck_68b5542459638b56,0.8826950499083317
ck_62967b91504149f9,0.2448360154817682
ck_f99bc1732ce5e999,0.7202077816255856
ck_c2017120b3b88a46,0.3295986962721532
ck_f7ff94c3df5ac874,0.4027194948054594
ck_25382331551d22a5,0.7550723161540029
ck_703b41624ae6a5b6,0.14552862090038704
ck_e2c66c72cc0b0f78,0.6412100224078223
ck_28ac4c5134cb8e77,0.6477490323894888
ck_168c96a1a636ea15,0.30420655938072927
ck_39a81899dded61e4,0.27057445508250155
ck_94a096c36162a153,0.4223059686290487
ck_ee535461b5f05539,0.9338969240171116
ck_59c29d9c57b4f994,0.25189447952739863
ck_8982888dd6611143,0.12497453656549196
ck_60896cdac2212bea,0.5781829293135058
ck_aa188e5c25f7f42a,0.4872580973721736
ck_1f56fe99f250cdf4,0.5607455693623956
ck_d0dc156441fcfdcb,0.6366877164391933
ck_395f3bd4aacd7ca6,0.5725606029741293
ck_5576b725de38d106,0.30067223467101245
ck_e2d1f212f259539b,0.2989305357506621
ck_3c3a1a1365741bba,0.09728050519454065
ck_4f325dd15c9bd45c,0.8908026074556936
ck_66f0945add423e9e,0.41713179873701367
ck_a74f6a3030f5d495,0.5410470564269709
ck_d9ea77f4114a389c,0.3066204929720921
ck_bf15a1f8d67a30d3,0.4964045630474639
ck_bb643194d1cbc47c,0.9944897127724588
ck_80e5ea27848069fe,0.1731309839071094
ck_635646a661f05b4a,0.8701466693827664
ck_bd80546b4807dd59,0.34413322468934615
ck_63743141ffa11f45,0.5522305968629049
ck_0b8b7c5c581fd161,0.03963128946832349
ck_79d62ef181bd0cd8,0.5176003259319617
ck_562c76a3753fc7da,0.895009166836423
ck_d66bb1f063357f99,0.14478508861275208
ck_89d7bfc81c3df597,0.4678549602770422
ck_fb0cf32c4a56f740,0.4365451212059483
ck_6c679602a6476ab2,0.2567325320839275
ck_71b37fe47490b4ba,0.37430230189447955
ck_494ec63c5ce8e150,0.6559788144224894
ck_92e474e4368c4791,0.8680586677531066
ck_2d3d6c9364362017,0.041994296190670195
ck_354379de065a8ff8,0.27152169484620087
ck_f7bde7265053364d,0.41908739050723165
ck_820219bb9c761b52,0.9176716235485842
ck_a5ce2ae36fb410d9,0.007516805866775311
ck_ac55dc6cbcdf8228,0.3734976573640253
ck_f34c93a8173555b1,0.8379507027907924
ck_fb3b68b4424b5f92,0.8504583418211449
ck_d3f44bbe2f7e9b2d,0.703962110409452
ck_dd9c5f0c42878e67,0.17291709105724182
ck_41bc3efa0fca700e,0.621155021389285
ck_4d1baef193cfb900,0.7401711142798941
ck_aecdc5a96321a2d8,0.6767773477286616
ck_e7c8a9e4641eb9ed,0.15922794866571605
ck_f2350bf355dc919e,0.4311468730902424
ck_bc61c59970f8de49,0.6017315135465472
ck_389607982eb6b701,0.9542574862497455
ck_ace6b72e5bf3e93b,0.8610511305764922
ck_2afdd69094c955c5,0.6033815441026686
ck_fc9f16df35190eb4,0.8923304135261765
ck_c43b4175fc9ac5bd,0.9774597677734773
ck_1a4e5ace078dd782,0.5355673253208393
ck_232325ef6bce92f1,0.33301079649623144
ck_51c50c4c443df31a,0.9625280097779589
ck_126a82e8d42e5ce6,0.15237319209614994
ck_caa348f0e65db062,0.9786921980036668
ck_a6f61864fac3c8fb,0.3716439193318395
ck_694eb6c43193afd4,0.2380932980240375
ck_d7792b429620fc24,0.2119372580973722
ck_2208392a9f6bd249,0.5253921368914239
ck_8ff7a9b23a55fd62,0.390772051334284
ck_8c5b29f6666d4874,0.662904868608678
ck_fcf5b8216d0c18ef,0.15595844367488287
ck_393287947b5c8d79,0.5008148299042575
ck_3e6833574edf1736,0.4757588103483398
ck_8b772caed8f1541c,0.26832348747199025
ck_e914974cee1bccb1,0.5746689753513954
ck_4f1e962ff8a29732,0.13914239152576902
ck_f6923088c17a04e2,0.8509676105113058
ck_10f90d879209734f,0.46816052149113874
ck_3d6c3c00d854f5a4,0.8332756162151151
ck_6e8f8ef7a03cc6bf,0.527724587492361
ck_833688de8629c5c0,0.2831737624770829
ck_20578ac693ea4e93,0.8775208800162966
ck_43aa136bdb0a2832,0.9467814218781829
ck_09cd5c4df1e81ac2,0.8322061519657772
ck_8f4b384955bf57c9,0.5182012629863516
ck_94b90ab8b2dfb50f,0.45605011203911183
ck_ea618f720ff0b4b0,0.24888979425544921
ck_6c83aa1d100a7cd8,0.7678957017722552
ck_e7be077aa0b2632c,0.3941026685679365
ck_e10ff5c38bd18470,0.40766958647382356
ck_0593ae243a9ebee9,0.549348136076594
ck_b20b81b88dabe28d,0.10516398451823182
ck_2bb6a17e8eee35cc,0.7310246486046039
ck_8def763034187436,0.5951110205744552
ck_c1aebbeca6ab5ff9,0.28918313302098186
ck_ef307a6aee38d1fe,0.9642187818292931
ck_49dddb894d33f6db,0.7826543084131188
ck_0daec63bd5b0729d,0.6755245467508658
ck_c49b685d2b3ab89a,0.397575881034834
ck_732d45bd578dc39d,0.3117131798737014
ck_74c3c3452e4e7cce,0.1378182929313506
ck_5986119e7d81e831,0.5554084334895091
ck_98d2f9a6ba3a3077,0.9681299653697292
ck_586001d3ed9e7fbc,0.06909757588103485
ck_03be334935e999a2,0.3959767773477286
ck_9a43c0c73a39d759,0.46482990425748627
ck_a1c7cf63467df4c2,0.23864330820941132
ck_ad48826c1c26eb78,0.9698716642900795
ck_985c9ca112000e9a,0.7581788551639845
ck_aa06ed358e43db69,0.8389692401711144
ck_d21612d48bb4f7b8,0.4191790588714606
ck_9a9e3dac79280d7f,0.8090547973110613
ck_8250eddc1ecb07a0,0.5871969851293543
ck_d6f27eacbad310f4,0.2539722957832553
ck_27d69ff4e0cb428c,0.8140456304746384
ck_5e5461dac83531ac,0.3576695864738236
ck_d1bb8890081e0a31,0.7464656752902832
ck_cef2a485a77e0723,0.25043797107353843
ck_3e24b026bc66789b,0.15204726013444694
ck_8105bcf69a75ee47,0.2016398451823182
ck_6494f0ef13ce44d9,0.7214402118557752
ck_a4a7ef3ad799c380,0.43668771643919335
ck_a48ec0c00ae20e82,0.6608270523528212
ck_4717f24f2c6f40e1,0.7976981055204726
ck_54748ae0f2daaf10,0.6895701772255043
ck_ebd0a45712dcf07a,0.697759217763292
ck_998475a2e4dfad4e,0.23078019963332655
ck_99c0a41ac9c73857,0.35008148299042574
ck_ca24bb0de508efb0,0.4214911387247912
ck_f2b8995fe5402759,0.18752291709105726
ck_d37d56e931105db0,0.19937869219800367
ck_e66ae4fd586fedea,0.133784884905276
ck_c1e7d1021ae58f00,0.059166836422896725
ck_687ab5d5554bfa79,0.6942147076797719
ck_8f8e5e2b9dfec3d1,0.8298024037482176
ck_537cc97d0398c922,0.8813913220615197
ck_56b389627d8f02c5,0.9632613566917907
ck_48a6754977a44db0,0.2798838867386433
ck_074f20921189e7d6,0.32708290894275827
ck_f22aacaf86a65d7e,0.8505296394377675
ck_828eef2334e17b3a,0.557221430026482
ck_dd8edfefa1eba531,0.05424730087594215
ck_66cd34bc568d95e0,0.4272153188022001
ck_c95c786d2f8b8edc,0.29784070075371766
ck_bce5b7fecfb6264d,0.8619474434711754
ck_d32fbbfe32c00416,0.4298329598696272
ck_bab5759b07fe2bea,0.2230902424118965
ck_c55afc68421d85e2,0.44030352413933593
ck_dca0b6ca93311ca2,0.48272560602974135
ck_e0571312f395cd94,0.35544917498472195
ck_fd038a7d33a9d6e5,0.13796088816459565
ck_ce66831f6611014c,0.2623243023018945
ck_09fab6b9825001b2,0.05906498268486454
ck_80b50fad7f255e1d,0.21613363210429823
ck_2a97db9377d01e36,0.17891627622733758
ck_9e5b7acf51b1b743,0.6213179873701365
ck_5468fa99c945d785,0.83550621307802
ck_556786868599143b,0.651812996536973
ck_a6d4f998dadc90c2,0.9723874516194744
ck_4d2159603045109e,0.3973110613159503
ck_a9ca2f447b984a6a,0.6476981055204727
ck_cd553ba6589d8bfd,0.6337441434100632
ck_830b2c5d1818ac07,0.7378590344265635
ck_80eb91b0b4001084,0.7202790792422082
ck_730226c2d216cacc,0.33592381340395194
ck_f07e27d125497b66,0.8107557547361988
ck_b68199ecccf2350c,0.07586066408637197
ck_15dd3ecaa8ce0245,0.9608677938480342
ck_6dac66c8198c07d8,0.4
ck_6b817117d87063a8,0.5884090446119373
ck_589109a188adc2c1,0.2548686086779385
ck_bb76609b79e0bc9f,0.7567630882053371
ck_f0cbd5383bb07778,0.6121918924424526
ck_02b9f418524f6650,0.5954878794051742
ck_4e9a6f06ab134102,0.8718781829293136
ck_7334a9ec656263b2,0.12338561825218985
ck_f80af368cfc6cb7e,0.413373395803626
ck_d74b2ead8aaa3f73,0.6448665716031778
ck_1dd69a11daa7bf1a,0.86094927683846
ck_7509eb97c1948b16,0.40748624974536574
ck_a406bf11e48cf8c5,0.8495212874312488
ck_d1e3de178601d3c2,0.601537991444286
ck_71044c29ef071570,0.34684253412100224
ck_a1c88c0568f142d0,0.8517722550417601
ck_dfc6f5712d8d6678,0.8803829700550011
ck_9c56114f84e9a541,0.4985231207985333
ck_d7c28eaa05bb7144,0.41105113057649223
ck_3a30132a57181fe3,0.7173151354654715
ck_48d0fc4f6a2109fa,0.9718476268079039
ck_c0389ebeb0e65cb8,0.23833774699531474
ck_b4c014d5c0cc9eb2,0.21272153188022
ck_a4258806a533efa9,0.5922591159095539
ck_363751deae40edfb,0.8821246689753515
ck_c1295d97cdf35ec2,0.5758912202077817
ck_648c03f9aa4e45f1,0.5954471379099613
ck_65ed7e72f24731e7,0.19081279282949684
ck_633e6579f5c74a5c,0.9716744754532491
ck_45cd5ef6b359e9b4,0.26163169688327564
ck_2e679af24adedac8,0.16974943980444085
ck_9e962f9bb0e7bac2,0.4456610307598289
ck_bef3193f124fca5c,0.7848849052760236
ck_a907fa8795cd4baf,0.2646160114076187
ck_f280d31f54a4710a,0.7910572418007742
ck_8c582eb0f6c0148c,0.3696985129354248
ck_4807726e797fb893,0.46435119168873495
ck_b3263e7f31aab45f,0.535414544713791
ck_3fb9813849e51837,0.5837746995314728
ck_eefcf0ed15897898,0.3472703198207374
ck_bc996c523944644b,0.4935322876349562
ck_74b848064f2ff45d,0.2146363821552251
ck_5f9e34c849704b95,0.053035241393359134
ck_fc7a9d0643570053,0.19979629252393563
ck_f437a53fc832ec95,0.9605520472601345
ck_56e6cfa32156a916,0.13128946832348748
ck_2e1b46c5fc56b863,0.8361988184966389
ck_1af2c0b3b8d202c1,0.45533713587288654
ck_27b07021500ee841,0.6185068242004481
ck_148cb0c723284dc0,0.44058871460582605
ck_70b9274473bd6dfe,0.1691281320024445
ck_fca7cc9c42695453,0.15707883479323692
ck_8d9518f64b222416,0.40631493175799555
ck_f1e1c8491f16f912,0.31456508453860255
ck_d36733da917115a6,0.47296801792625787
ck_a4691b57f837d88e,0.3735689549806478
ck_e738e920bbd74a7d,0.4494194336932166
ck_6d26a152f900fee8,0.15458341821144836
ck_630c835243c66b19,0.9683540435933999
ck_e88e86b19cada4aa,0.6944693420248522
ck_15918075563eb074,0.09144428600529639
ck_9439bff87e616d4a,0.4273273579140355
ck_993beb188dd4abb6,0.34924628233856186
ck_dff090f03ca5529e,0.26909757588103483
ck_3baae40454c00938,0.5296903646363822
ck_6ab83f45bf16eaa6,0.0930943165614178
ck_77fa39d3b733c226,0.9101650030556121
ck_daefe1e2d2bc362d,0.30133428396822165
ck_f01e94331067edf6,0.44193318394785086
ck_773efe58c6278c3c,0.8678142187818294
ck_f7a7f8f5903617c5,0.38969240171114283
ck_fe037765aa465c58,0.3141474842126706
ck_29f3a1737a2d9634,0.362904868608678
ck_7825494e654d5695,0.6992666530861683
ck_325c7643cce02da3,0.7495722143002649
ck_01e0689157fe9617,0.9394581381136689
ck_7bbe1dc8add17ef0,0.3930637604400082
ck_e0ca2c819658f6b6,0.98965166021593
ck_2d14bcd2e0fc043d,0.2295070279079242
ck_fac32d76ed40f683,0.6869321654104705
ck_50df50af592b0c06,0.3171725402322265
ck_23981a3261674131,0.41021592992462824
ck_3a4811dc4a1a891d,0.209971480953351
ck_4874bdec79f9106c,0.6014565084538602
ck_fd84507228467b40,0.6389590547973111
ck_6a17384072f904c0,0.43095335098798127
ck_74991a9e85c3b07d,0.4547871256875128
ck_520ec32c4f253604,0.7042778569973519
ck_ed01be7504dc4187,0.5282644123039316
ck_c6fdb2972417c9bd,0.40381951517620696
ck_74a06f347b32347f,0.6064167854960277
ck_1e7de58822000dea,0.2644123039315543
ck_cbe716f351d660d4,0.7198818496638827
ck_7560f1891d66f294,0.18008759421470769
ck_45f4c821c70d134f,0.9294764717865147
ck_b1ff9edc51d42f97,0.6319005907516806
ck_114141d85256c9ff,0.02199022204114891
ck_d0e95b90ba86da10,0.2656651049093502
ck_252b0a0f1119b220,0.10585658993685068
ck_28dc0fdbaec00580,0.8684355265838257
ck_650020c500b1b50d,0.7285699735180282
ck_e77529651c416cf7,0.36035852515787326
ck_f0982bbdbd122f91,0.4350682420044816
ck_f439f16f8693883f,0.48656549195355475
ck_e30cb64302939f38,0.6560297412915054
ck_873ceb8004d3a9f7,0.8028009777958851
ck_db6d1c6d31da967a,0.1133224689346099
ck_8e7a32f7e3905f4e,0.5446017518842943
ck_2c91f62c05685ed7,0.1879405174169892
ck_7f79878197340435,0.33247097168466083
ck_23ff85f9d2355e8d,0.5274801385210837
ck_b138fc249e659e60,0.31635771032796905
ck_b911a09f328dfd4b,0.07276431045019352
ck_a2858979dd5645ef,0.25712976166225304
ck_f1f2c3c623553f0d,0.14380729272764312
ck_30f4b2ee8abe1342,0.6878997759217764
ck_6e8751b571ea54d1,0.45783255245467513
ck_e901dec0e09eccbb,0.14860460378895907
ck_10495d3a635b8d69,0.6504990833163578
ck_4f5d7985bcc2eda4,0.3693420248523121
ck_7df526b2b4410bb4,0.6927581992259116
ck_4e1757d1347ab387,0.9949480545936036
ck_79b8523137bb2603,0.6965064167854961
ck_891530b489ce402b,0.20475656956610308
ck_41b954c7a948c060,0.148462008555714
ck_59a561f3df01441a,0.8715115094723977
ck_96e4d38ef670eaff,0.7471175392136892
ck_eef67f8dea702338,0.6786616418822571
ck_73e24f5a8da289b3,0.6697698105520473
ck_52cc2fd5095b169d,0.3282236708087187
ck_dbb498b1a346a402,0.0974129150539825
ck_f253130dc3ca5b3c,0.21358728865349358
ck_942dbf632591b65d,0.6035445100835202
ck_ab4a8d02ec3c0fd7,0.08590344265634549
ck_7f780f465c29398e,0.24504990833163579
ck_adf84b9df54c3d80,0.6961091872071705
ck_1b1df006b81d38ba,0.3766143817478102
ck_3be72c9c178fa00d,0.4995722143002648
ck_ee387f9da79e67ea,0.7263495620289264
ck_731869a0c39cb2fe,0.5852923202281524
ck_f2b0e7a47f442557,0.9581584844163782
ck_4bc42878fa180991,0.6484925646771238
ck_5f3609511443e5a8,0.16555306579751478
ck_b354003302b272ca,0.22511713179873705
ck_1c771a7c78f6622c,0.5542982277449582
ck_466dc6274fecd708,0.5491342432267264
ck_89c74feeaffa7d09,0.05474638419229986
ck_1ccdc69d0bb712b4,0.6503564880831127
ck_b22e3337b8e3dbb2,0.24863515991036872
ck_79c7f0d29b1db1cd,0.7514157669586474
ck_84df6770549e43fa,0.34447952739865556
ck_3c6417a233c68c73,0.628519046649012
ck_f7485cba392bc294,0.8959258504787126
ck_46bfb2cfc29a6d2e,0.3776634752495417
ck_e4cf189a8d31649a,0.10961499287023835
ck_770475876d0e7e6a,0.12499490731309838
ck_c2b61a98d1c8f6dd,0.9521287431248727
ck_8ae64df60ab6ccda,0.46734569158688133
ck_507e40760a24d2d5,0.5576695864738236
ck_a1e77090b1c6ccf4,0.36444286005296395
ck_09aadb4c41b166f1,0.8893766551232432
ck_604c17cb97dc89be,0.682572825422693
ck_8d94fbb4828ef326,0.32727643104501936
ck_17c0a6a92b5765cf,0.23544510083520065
ck_ac79c72a8fe3fdef,0.6059380729272764
ck_b8cc2df5192bc49b,0.5682827459767774
ck_3132857aec8485bc,0.08388673864330821
ck_b6cb8d6ae828eed1,0.7614076186596048
ck_2f82ea66c4f53b33,0.8271440211855776
ck_1de43fd6c6c22a5f,0.7968934609900183
ck_0348cc6908f7f3af,0.10523528213485436
ck_6e676daa4855b58f,0.779914442860053
ck_2a37fef48b44e9c8,0.42004481564473417
ck_bfc2a57d8fd1610c,0.9415257689957223
ck_c1c7d4e62c9fcded,0.8939193318394785
ck_36e72ef9273e7a95,0.41985129354247297
ck_ebd178b3f3a9c50c,0.366123446730495
ck_c89b9ca398402f1e,0.11076594011000204
ck_bba413492dc46f2a,0.35063149317579956
ck_e971faae8a10a260,0.2903850071297617
ck_7e6569a1b2455cb0,0.023029130169077205
ck_744ffc11d32b96bc,0.35834182114483604
ck_435cb24538c6f77c,0.6443776736606235
ck_411219470d0a195c,0.4935119168873498
ck_6f730b77dc6cdb84,0.4168058667753107
ck_aa4ba931dd37481d,0.1409961295579548
ck_aa59702537557ff1,0.5314931757995518
ck_c58d9151834f5bad,0.48255245467508656
ck_3a0e0200cbb185cb,0.5935017315135467
ck_c98b16f9a72a6568,0.010052963943776737
ck_e5cdbfcca2456652,0.09398044408229783
ck_ff45764ea7d6619f,0.568028111631697
ck_6ec39903f765956d,0.6785394173966185
ck_9e17699baa83d173,0.04964351191688735
ck_1fc98436281ee39e,0.2578325524546751
ck_76ebeb5aee42f041,0.6765430841311877
ck_562320295fa35875,0.10189447952739866
ck_84c402b23766e1f2,0.41110205744550826
ck_8d0532d24f1070d1,0.08095335098798126
ck_32a495128395fde5,0.14838052556528825
ck_f067470743d3c7a2,0.7540130372784681
ck_28dde633692904b0,0.8462314116928091
ck_e61c8721e3ef1921,0.31933183947850885
ck_4e333c09f0c37dee,0.46103075982888575
ck_3d58628d1c853c8a,0.48563862293746185
ck_3265442528d51728,0.6728457934406193
ck_cb1c00c300af3f9e,0.7131289468323487
ck_7ae86b5a885affc3,0.6199633326543085
ck_a50370907e6b397c,0.8302403748217559
ck_df87d6f61a63eb21,0.2989203503768588
ck_85bf21aa1a00452f,0.2629761662253005
ck_b9f1465d803e57b2,0.876420859645549
ck_91c2a5fe69b9b1d1,0.3886331228356081
ck_f3199fbe84a28b9a,0.6813505805663068
ck_ec3eb6dd0967cac5,0.6101853738032186
ck_5124a2e415384945,0.6693725809737217
ck_073509af21dd7f5f,0.96066408637197
ck_617b65141f546a1c,0.2115502138928499
ck_fa4b60387d744fc5,0.16022611529843145
ck_98068c397d70dd3a,0.5508759421470768
ck_aed2681e1646a0df,0.7970360562232635
ck_e98429675b46272b,0.10296394377673661
ck_b25657bd16739036,0.5654919535546955
ck_75217ee144b715f8,0.8145956406600123
ck_b359192aa659bdce,0.7236300672234672
ck_82181b935360dcbc,0.9799348136076594
ck_52c0ef68aa2fb8cf,0.3525056019555918
ck_06f042e9b1b662fd,0.6181808922387453
ck_c0b5cc3e8ad2ff44,0.6779792218374414
ck_368b968b5f33431e,0.0783357099205541
ck_6e44024e9de301c6,0.10718068853126911
ck_f5e02a3432571b20,0.7779792218374415
ck_bed0c020b10afa3b,0.3945406396414749
ck_7e63168dda612235,0.7021592992462824
ck_4c25570eb72711b8,0.13710531676512527
ck_58955542edee1adc,0.21734569158688125
ck_06d0e4a9189302a9,0.8687207170503157
ck_f1b80b821a20186d,0.5359645548991648
ck_b5c93e6d34f8d366,0.09651660215929925
ck_69587a134d43a4ad,0.6165104909350174
ck_70a932ab39d86a24,0.09333876553269504
ck_96100d5e8e051e91,0.3013546547158281
ck_b26e4ae47c9107ed,0.920778162558566
ck_492e4b89c61b7b6c,0.4677632919128132
ck_36d78ff3bc033ee5,0.26366877164391933
ck_9c9884b9bcaa552e,0.8916276227337543
ck_cfb11a0a2325bff5,0.13271542065593808
ck_598e036a28262aeb,0.7476471786514566
ck_8176616132458c0f,0.3296088816459565
ck_4becdd3d2696c7ba,0.32724587492360974
ck_7333cedb61506ead,0.3324506009370545
ck_a69ca7b9d70972bb,0.18575066204929722
ck_e032068be7b77d15,0.3770421674475454
ck_02ec4e06709e6b82,0.1040028519046649
ck_13cd943777651aac,0.49655734365451215
ck_29640fc2fe81c251,0.8988388673864331
ck_00d1ebc31ec4653c,0.7952332450600937
ck_7c872c99481c1e9e,0.42558565899368517
ck_b1dba768dbe7affe,0.6229782033000612
ck_7c3a6a82f3c3241d,0.48178855163984524
ck_c924f36bc1bbbaa3,0.5356182521898554
ck_0a2b7078736b4dda,0.39234059889997963
ck_5b5dea6476d4e182,0.4856997351802811
ck_f271e855925e8d6b,0.8689040537787738
ck_97a8dac48dd62488,0.9015889183133021
ck_63133a79f23e2627,0.6633937665512324
ck_9b5ec0f78e160e65,0.18089223874516194
ck_7264486eb512d84a,0.32958851089834995
ck_a50621b5eeca84b4,0.08610715013240987
ck_901d820e0b72abae,0.31124465267875334
ck_9d1a5cf5a3b87e48,0.4436341413729884
ck_e291cc60920456d0,0.9175697698105522
ck_755010362a9b1bc4,0.29730087594214705
ck_8285bd3c90af94f6,0.4498268486453453
ck_a60388296a47062c,0.6727439397025872
ck_d3d5b2717cfc3913,0.8088307190873906
ck_18d214b1418be39d,0.1702790792422082
ck_6d64e1c07b19856e,0.24711753921368915
ck_0a993bc947bab61f,0.8452536158077002
ck_7501ebbf4e21f160,0.4523324506009371
ck_cba4162ef29a6d27,0.5538806274190262
ck_26bd0f8898afc8ba,0.07167447545324915
ck_0a0cd7f4be606a93,0.6260032593196171
ck_f2c7a4c50e2ede96,0.3353738032185781
ck_50d0bb7edd8c69c0,0.8459156651049093
ck_5791f8f76a629a4f,0.7299551843552659
ck_0bf35dcf7b38f650,0.05146669382766348
ck_646dc03de4c31803,0.9622733754328785
ck_d4007b5b26d9d854,0.025616215115094723
ck_943f66f28dd24750,0.0914952128743125
ck_984dd7452aee372d,0.837003463027093
ck_ecaa6de0aca5e9a0,0.656335302505602
ck_2225b555aa2a42ed,0.5747300875942147
ck_f11f7691af16ad07,0.01649012018741088
ck_57849e15b61c43b4,0.11785496027704218
ck_e6b95ff91116a592,0.43257282542269304
ck_184983177b73dea5,0.3196577714402119
ck_3bd12d468fdc2450,0.20111020574455085
ck_08c7bb0f9851cb76,0.863790996129558
ck_779581adb573261f,0.5521083723772662
ck_02d4cef6358ad3b7,0.06258912202077817
ck_a60a61ac829252a0,0.5113872479119984
ck_942b95988a6245a6,0.8265328987573843
ck_6ea70950c1cae00b,0.9337645141576696
ck_f823407ace7ff064,0.7440517416989204
ck_7c418947124dee8f,0.7222652271338359
ck_bb0713a2a1d65982,0.34042574862497454
ck_a85182ad90b6f1e1,0.055856589936850685
ck_e267999226b6321b,0.09365451212059483
ck_4ba8bec14c2217e1,0.2592890609085354
ck_174be2231c5fd2b6,0.22541250763903037
ck_610815786d729d2f,0.2674984721939295
ck_e9b75ed7567a3f23,0.5503870442045224
ck_7c5529bcc079600b,0.4737115502138929
ck_5d16e257c0635f7e,0.955734365451212
ck_c830f3830875b47a,0.4921776329191282
ck_2caf553b31831a50,0.4601344469342026
ck_90696b7182dd9129,0.43257282542269304
ck_38e4a74ab256e2eb,0.6659095538806274
ck_cdcf6671b37c9c92,0.5745263801181504
ck_f0c18cb9f951a71e,0.5296801792625789
ck_d61d97b21002f3e9,0.7402525972703198
ck_cd09375e6c81d2c4,0.6014666938276635
ck_a79a27767a02e31f,0.8300366673456916
ck_0943e0f305078e34,0.9843247097168466
ck_fe3b67041dad2dd1,0.08693216541047057
ck_3420f2fd520890f3,0.16630678345895294
ck_3e91dcc209431984,0.8371867997555511
ck_e4d6dedd97233c07,0.7003564880831127
ck_19db0bf788697c2b,0.36021592992462825
ck_4221e07b17388fd3,0.8509879812589123
ck_5e8e857b63966609,0.9092381340395193
ck_c8806749e263f70b,0.024516194744347117
ck_233a487d31c3e631,0.9961397433285802
ck_e2a2ce9b8cf44c63,0.3935017315135465
ck_e6c8611c0cf233d7,0.08416174373599512
ck_4fecb87eaffd5cb5,0.21528824607863112
ck_f91d48c40337d375,0.3975045834182115
ck_79c30169c71b8033,0.9613872479119984
ck_b0ed11080076e381,0.18603585251578736
ck_bd2545c62f258231,0.7349562028926462
ck_d69de468b44143ca,0.20267875331024648
ck_55fc62a5f89a7251,0.47725606029741297
ck_c16ab1e4dafb4910,0.8941637808107558
ck_069d158665a53909,0.2922081890405378
ck_ee4ff3aeadf912c1,0.16507435322876352
ck_ecb1e15f0b185ceb,0.8145548991647994
ck_e76db7d2562f9836,0.7839376655123244
ck_d1d079913aa158bf,0.2729782033000611
ck_2cb763a881aee27f,0.1894785088612752
ck_19becd44f2c3d2b5,0.37018741087797924
ck_5e20953547ba4135,0.9204114891016502
ck_f04761b4a937ac3b,0.2921572621715217
ck_7d0fe77dd5ddb656,0.7309126094927685
ck_78f01d78ea79642f,0.39296190670197595
ck_ad54292a0b2f44ef,0.5640150743532288
ck_66bed631354de5b7,0.43100427785699735
ck_417090dbffb1a63c,0.3888673864330821
ck_d0935b571a4a3868,0.5624770829089427
ck_dd0e17605f970319,0.3601140761865961
ck_2dc31db181150e20,0.3705540843348951
ck_b568ba3837afb39a,0.020543898961091874
ck_8de69cd219d3b87f,0.9534528417192911
ck_3d4913a86f207fee,0.8878692198003667
ck_ee949c71f4f702eb,0.9786820126298637
ck_01645ea51972e99a,0.6685170095742514
ck_a60c618b7f0e4252,0.30029537584029337
ck_3837ad850996ba60,0.4401609289060909
ck_a524071c51ddde20,0.5010694642493381
ck_0af57ebaa45877a1,0.383082094112854
ck_a7cf6c3b322f6b7a,0.7501731513546547
ck_ce0ec41f96951048,0.437135872886535
ck_5c3a671883d58b3f,0.09867590140558159
ck_7905fe8e257b0449,0.8771949480545937
ck_da6d1e5cf6aba6fd,0.5924831941332247
ck_6b67fe8e310ab865,0.39384803422285597
ck_cbaf8a954281d4e3,0.9837645141576696
ck_ed26d906883bea0a,0.5875942147076798
ck_b621b6ffcc7f4848,0.06135669179058872
ck_ef6f8e048ae1bd4b,0.41340395192503565
ck_2a09d142de1c77ff,0.5404053778773681
ck_c340644176ca03e7,0.638113668771644
ck_bea2cf7a6b7bb900,0.29229985740476677
ck_1f136a4476b5e775,0.7847830515379914
ck_3759939a0205306d,0.44501935221022615
ck_ee13c091bc379188,0.6288144224893053
ck_d58e058b5c553dd5,0.3151965777144021
ck_396e9ea9a6c6d7d9,0.4817579955184355
ck_402db4184982fdf5,0.5943980444082297
ck_a037aff5f8128c73,0.24716846608270526
ck_8f6cce9f69912983,0.3892238745161948
ck_8758fc6622bbb7df,0.7134650641678549
ck_6ca018259f70858f,0.33714605826033817
ck_63379e3c9fe6f711,0.5609085353432471
ck_5aadd286d188f5c3,0.5755449174984721
ck_e69d27e8965df0be,0.12424118965166023
ck_c67f7944896a0310,0.8700040741495213
ck_565e3418d2f4061c,0.4940517416989204
ck_58eb871e8d7bed52,0.6717050315746588
ck_d5f5b0dc97b9dc27,0.3492360969647586
ck_87abe9cd066a20fb,0.7322570788347933
ck_ff7e31ff8ba731e5,0.22264208596455493
ck_f73273e220296be8,0.27059482583010797
ck_73f4eb09af29b1c0,0.6323589325728254
ck_49dd816b31fba6b6,0.897015685475657
ck_bdd2da300b530c5a,0.3929007944591567
ck_8a4952de8a123ef8,0.5511000203707476
ck_49170c4b31a20f5c,0.048614789162762274
ck_2b7cadbc8b180d32,0.9416378081075576
ck_eb1006e7285184a6,0.4879914442860053
ck_646d8d0834782d6a,0.8804237115502139
ck_1b823610371a29c0,0.25088612752088
ck_8dde670a735d1e90,0.7862803014870645
ck_37899b1b571b1c6b,0.4432063556732533
ck_82a8bdd2692c2a5e,0.029069056834385824
ck_5c67f27816ae0b6f,0.5058973314320636
ck_fb6e06ca88519dcd,0.4666021592992463
ck_f2c33d5b65b321db,0.7350071297616623
ck_ca1f6f01868e978f,0.6927581992259116
ck_22bfb9246646eb41,0.9487777551436138
ck_7cd9f39c50748ed0,0.35922794866571606
ck_62fd7eb46bee9210,0.5040130372784681
ck_c3c19d6a0720915c,0.06520676308820535
ck_7cd0634a6e60af83,0.7393053575066204
ck_2733fc6ba23ae46e,0.6845997148095335
ck_82f3f744209888ac,0.3930943165614178
ck_66eb09be007f0755,0.6373192096149929
ck_7f8e816ca51755e3,0.9334283968221635
ck_4185506d12cf9fa0,0.020543898961091874
ck_2659d1d3762a2825,0.45999185170095747
ck_df4424f6dd85080d,0.8522611529843145
ck_5e9e149a3b69c726,0.6504379710735384
ck_8288f7f226e08b89,0.24749439804440826
ck_a7285955e2852686,0.5271236504379712
ck_d099fca88691f66f,0.7003972295783256
ck_166bd1dcbaf4d6fa,0.22172540232226523
ck_fa5830d81bc8ddc1,0.29313505805663065
ck_18e2076397bcc211,0.8345386025667143
ck_f7285b92648c1c81,0.13329598696272155
ck_ff42557857ae3aeb,0.08753310246486046
ck_7956c251b85f009e,0.9661030759828887
ck_c2d3ecd7278eba2c,0.29782033000611124
ck_fa00aa0f3e859904,0.6068445711957628
ck_0063d2a9507467e5,0.3234569158688124
ck_26e9a7bb2061a58e,0.9010287227541252
ck_d7607a213b800bfb,0.6011713179873701
ck_266ce7ccf41ccc50,0.2505500101853738
ck_8e16a64a776afa82,0.901955591770218
ck_f7fc1bd0b9ab1fa4,0.4890507231615401
ck_a4fa8833995c716a,0.2392442452638012
ck_ab640420858ab5c4,0.8743837848849053
ck_5923f53b77193a58,0.750977795885109
ck_d1bbfd246c0ac9d5,0.705866775310654
ck_e007aedbf37d6ec7,0.4284579344061928
ck_9645e7adc08631b5,0.5050417600325932
ck_57bbb19eecb4b87c,0.22171521694846202
ck_96953b8945b7d403,0.4291810959462212
ck_1078b1e155b5b640,0.33645345284171935
ck_ee53ce862bc9c111,0.39644530454267674
ck_ba6e1115fceaa067,0.7743328580158892
ck_78181f8e998e442f,0.10621307801996333
ck_016e8c8eaf9d511b,0.5835200651863923
ck_e2aa7be60794593d,0.8473721735587696
ck_ae8e5dc4b725bc25,0.848787940517417
ck_fc7935f784a4f249,0.36402525972703204
ck_05d44eb1f5f085ce,0.8013648400896314
ck_49886ff1e2c759d6,0.7248930535750663
ck_d87ab3261322216a,0.22023833774699533
ck_0ac9848bd4ba0c14,0.14696475860664088
ck_d115ac6b9fd62a7e,0.3418313302098187
ck_bdcf049c1e7d0c95,0.2193012833570992
ck_7743c9fe037d1f9e,0.41535954369525363
ck_37143d9cc296e6fa,0.5173049500916684
ck_2f138fce1171e277,0.24770829089427582
ck_61fa051192f3e810,0.6962314116928092
ck_417a3500b2c717b3,0.4820431859849257
ck_9473ea4a01c95f9a,0.8622835608066817
ck_de5eaa2cdbcb67ff,0.8687207170503157
ck_986e4e61440506d0,0.9033306172336526
ck_d3877e1f907cc148,0.5970666123446731
ck_2468a7e9e68a0927,0.1821144836015482
ck_c3ff6790cc6d7e34,0.1492870238337747
ck_bd85f30c36f5998d,0.790211855775107
ck_90bf017cdd37b66e,0.7943674882868201
ck_448456f96788713b,0.8484008963128947
ck_455672e652fe1abc,0.9759319617029945
ck_142dba210ed2f3b5,0.6361478916276228
ck_895bb39d24bc1c4c,0.28145243430433897
ck_21ed2ea6386c5a07,0.12956814015074353
ck_61c74163eb36556e,0.3949480545936036
ck_7e2ae8b69ebd5675,0.4571908739050723
ck_9b71274ff83de482,0.9786209003870443
ck_748af92828c9d288,0.14709716846608273
ck_6276ece8f80ea799,0.441841515583622
ck_f4a6a7cadd6e0603,0.8134345080464453
ck_33ad8d53394ba77a,0.9453249134243227
ck_f65e5ff7da565f91,0.06474842126706051
ck_49969a9abc47cb69,0.3789162762273376
ck_f1e0a006068aff29,0.5739458138113669
ck_72b86e4485da2d0f,0.9876553269504991
ck_0789ff4562202b20,0.6723467101242616
ck_bff090cb4ab76b9f,0.2869932776532899
ck_15de11438732bb05,0.3616520676308821
ck_9c9287cb28950eb6,0.5826033815441027
ck_d11d27de7bf0b973,0.9274801385210838
ck_7f08078908599bd2,0.5807496435119169
ck_c1d1a625b885a975,0.5319311468730903
ck_2987eab34ca7805d,0.6512833570992056
ck_c2ed04a9d218410b,0.574322672642086
ck_73d3e8c6077f61e6,0.838999796292524
ck_9a15fdefc47e8d11,0.7224485638622937
ck_f738b633b8862d18,0.02644123039315543
ck_56eed7041add49a1,0.929537584029334
ck_3fe86b6331ff95e3,0.8285496027704218
ck_34a69b3b4a681796,0.9293746180484823
ck_97d04a67a104af39,0.6761865960480751
ck_833a65b86a5d9bda,0.1480240374821756
ck_34dfb57e5bf31d2f,0.5090344265634549
ck_ba7e347251ea399b,0.4711753921368915
ck_31d4c0518e5f52c6,0.10139539621104096
ck_6f04d047d1dde75e,0.1406701975962518
ck_82b5b79ce3517102,0.9688022000407416
ck_80dfa54b30f65fff,0.9602566714198412
ck_3d7b1078e2d57c69,0.3283560806681606
ck_dae09c4e074af5dd,0.6558871460582605
ck_4ceb43ccd0a81c2f,0.5411183540435934
ck_0cff8153881875ba,0.3398044408229782
ck_439cf7d51ec7de0f,0.2112140965573437
ck_165a868bdef28ad3,0.7806070482786719
ck_3174419a81e7caf2,0.21306783458952944
ck_0c3dd22587b08018,0.7088612752088002
ck_88774ae52e30e877,0.7289468323487474
ck_c24f61925dc158d5,0.8587288653493583
ck_c543d82e22b3c8a5,0.053147280505194544
ck_c78c096ca8cb33ac,0.20189447952739867
ck_385188ab27784fe3,0.719942961906702
ck_9947a323bab5cacd,0.8019046649012019
ck_86d7127391d4e01f,0.015960480749643513
ck_a1484e6215fac651,0.9477286616418823
ck_d4fd0e438c97e0c7,0.8524750458341821
ck_ac7fe1c344190c50,0.31663271542065596
ck_e7a6b925c8f39a85,0.5075779181095946
ck_38ee42f15a573e81,0.7402831533917296
ck_01fbafc42c8e33f5,0.45080464453045427
ck_d3137f0f7629040b,0.29241189651660215
ck_73a7794b659d7a34,0.1841413729883887
ck_c86520a00e50a926,0.7481971888368304
ck_7f6fa79c7a107161,0.36879201466693834
ck_643abfbd7548d0c9,0.5417091057241801
ck_1b0434f096795328,0.029761662253004688
ck_e527fbb9450a4581,0.9735485842330414
ck_35bee1fc12664644,0.8739763699327765
ck_9e21ea33018ce538,0.4319107761254839
ck_0b34197335ba3341,0.5199837034019149
ck_a432b1bf1d3b3d5e,0.9072621715216949
ck_35c93b2924900376,0.25521491138724794
ck_6430a8792f400e0a,0.10239356284375639
ck_7ef666d67bc70223,0.53075982888572
ck_a3acf4b986afa98b,0.9173660623344877
ck_5d1e25d7acc5af9a,0.41831330209818707
ck_d3885e286b3b11d2,0.7432674679160726
ck_e7f61b4a39ba98ac,0.23060704827867184
ck_c9690baddfc4177e,0.024546750865756774
ck_59fae092fb0c4aa3,0.43779792218374414
ck_11960b5f1c7a5e2c,0.5842534121002241
ck_4b9dd69946438d0b,0.5717559584436749
ck_a2cc3910a641a808,0.9247402729680179
ck_018f780215ecaf38,0.7431554288042372
ck_baba5d66def0d770,0.8325626400488898
ck_cb1bd7635968ed8c,0.8101650030556121
ck_5a17c89219d1d9fe,0.8389386840497046
ck_3efb0e9bf25612c7,0.07433285801588918
ck_66f94903177f20eb,0.6550926869016094
ck_295565fbf77ef885,0.0776838459971481
ck_0fb3153d37626b75,0.034080260745569364
ck_25fc3010e8a0f6d7,0.39455082501527805
ck_879cc3166fe1bada,0.09765736402525972
ck_a5e036327d3d1862,0.022825422693012836
ck_1694c28f44480e98,0.3345386025667142
ck_c6cb651149dc9a8a,0.1216541047056427
ck_c5b583490198672d,0.27061519657771443
ck_1b96d9af0d7da2d5,0.25548991647993485
ck_0a8029e79a5ae7ce,0.7208596455489917
ck_c77e22834ef97005,0.9559075168058668
ck_d8ddf5e99f7859e4,0.2746384192299858
ck_91742711dfdffd56,0.4687716439193319
ck_95b894380ad2702a,0.892493379507028
ck_277621473369614f,0.9952230596862905
ck_5cb9d7b2329d5ab6,0.5653086168262376
ck_67025c64588abd1e,0.24571195762884498
ck_fef850553862aaca,0.11241597066612345
ck_7929284327667791,0.7250254634345081
ck_319b059bb2145586,0.629119983703402
ck_c190c7b924edba75,0.8405785292320228
ck_57b657aba4daffde,0.7729578325524546
ck_55d7217b0aff9fa2,0.3300061112242819
ck_1dade5592f90a15c,0.5884192299857405
ck_8f346b72fb40bf14,0.2382053371358729
ck_cfadd21458230ef7,0.4079853330617234
ck_793048d11fb8b328,0.8999592585047871
ck_70b9b79ea1aacba8,0.6028111631696883
ck_c54c5d8e4433b0f2,0.26396414748421265
ck_50422466f145bfd7,0.07725606029741292
ck_a3564236069e3524,0.8640456304746384
ck_ef059997563e3330,0.28085149724994907
ck_e14892e424180549,0.08620900387044204
ck_9f5f81d771146aa1,0.09870645752699125
ck_3a469039a5b9d963,0.2868506824200448
ck_63601a58a6120d8a,0.5089325728254228
ck_9323e6fc1e168eda,0.9649215726217153
ck_bed8a480e27e911e,0.5603788959054797
ck_ddd6625c5eddad70,0.1341515583621919
ck_5d22e9ca1d15180b,0.9524954165817887
ck_cf36d8b070ded782,0.4253106539009982
ck_fd5609bd23a1eaf8,0.31719291097983293
ck_1982d571cd36eb0c,0.3094316561417804
ck_c021495606b4735e,0.2739458138113669
ck_1fc03ba33edd9e67,0.7781727439397026
ck_67e075c982add719,0.18558769606844572
ck_9040edd974ef8e3f,0.8890914646567529
ck_c3fe0c6c5e1f40f6,0.10301487064575271
ck_767947540b234add,0.2395294357302913
ck_e8298ff2dc1e9d50,0.2623243023018945
ck_becb6e1c608e0078,0.13544510083520067
ck_3ce7cad1f69b71d6,0.5120696679568141
ck_ed0e776c0926ce67,0.6830006111224283
ck_14f0484b3817eda5,0.272224485638623
ck_e2a1068c2fa22525,0.5807903850071299
ck_eb224c0fd146253f,0.5965471582807089
ck_f92e04024bf13558,0.03534324709716846
ck_a9161cf1ca22a6bf,0.5731920961499287
ck_1a46b56f4734d52e,0.6827969036463639
ck_cd655202db489010,0.12484212670605012
ck_a980b296c95153f9,0.5745365654919536
ck_beaacb4a783db21f,0.09142391525768995
ck_03009b721568ee98,0.50414544713791
ck_37ad3a65db673e70,0.24343043389692404
ck_071ddaaf2e4e3671,0.31276227337543294
ck_019d5891103e7da3,0.4717152169484621
ck_1a065ea906ae3d6a,0.23997759217763293
ck_6f2f0396e5b1c538,0.9842839682216338
ck_055fb9f2e1c8c934,0.7307190873905073
ck_6fd8c86ac719d7eb,0.7955693623955999
ck_920bb003b42e6310,0.1420452230596863
ck_8beae3d7328fa41a,0.6618761458545529
ck_910205d25388a0ae,0.08468119779995927
ck_007337aa99a4891e,0.05553065797514769
ck_5df6529ce8290906,0.5168771643919332
ck_35f8656bf93e3b3d,0.5118965166021593
ck_0a2f8b2f8a5b6f02,0.3393359136280302
ck_fab4f2f8531b4827,0.5831635771032797
ck_7c4e588f927c27c8,0.752332450600937
ck_7cdec61e1c488798,0.6986962721531881
ck_19468fe07e26f992,0.9835709920554085
ck_d021fd497ea35fb2,0.4712059482583011
ck_1b52590757c0fbeb,0.7122835608066818
ck_074be35c951ae10a,0.43767569769810555
ck_38e46bc861e0165b,0.7994194336932166
ck_201687857ec8b3cc,0.7374312487268284
ck_bebea2cf3063fb24,0.3828885720105928
ck_dfadff70a58a9133,0.2630780199633327
ck_d0c9633fed57c344,0.8253310246486047
ck_3303fd3f64632c7c,0.8227643104501936
ck_9d4fed252718f58a,0.5374516194744348
ck_65ad9b15979e3247,0.5970564269708698
ck_93892e91387f5103,0.2038806274190263
ck_6f81c199e986d9fc,0.24022204114891016
ck_bbe1a2ea5a403ad8,0.9085353432470973
ck_a89b66665714058f,0.3293746180484824
ck_0e9b982afc88a3a9,0.9707883479323691
ck_f14dce41036486a3,0.9936646974943981
ck_5d7ae0e3562e99bf,0.6521083723772663
ck_d263b55f0a681cce,0.6657160317783664
ck_a443d49c2b4863b0,0.30637604400081486
ck_2baf214ad6bc0dbf,0.6216133632104299
ck_3ef7a03ebb81cfe3,0.08077001425952332
ck_95790440bc4bd2d0,0.8603381544102668
ck_841f598bbd54c83f,0.3773579140354451
ck_a7bc323ffed2ea97,0.9375942147076798
ck_f5100511609b92c0,0.07710327969036464
ck_2a07c7021b71cf65,0.4872377266245672
ck_44b9125526acb05d,0.3237828478305154
ck_c2b4a1d8c0b6c1cd,0.29344061927072723
ck_29c11bd68858e923,0.04938887757180689
ck_ace3b96c977a7560,0.6788959054797311
ck_e3d4b6f681c783ab,0.5636280301487064
ck_918c92182b6817cd,0.5819718883683032
ck_d66952b03591bdec,0.14387859034426564
ck_7a58e0cc9943c39a,0.1458341821144836
ck_cdd2ebeec75bfa69,0.9280301487064576
ck_38703b7546d35a80,0.529771847626808
ck_b60fb9a10d6f4489,0.6440110002037075
ck_bdf837d761a7cec2,0.8953249134243226
ck_4760216154c8cac2,0.9449684253412101
ck_b694c803b62862b3,0.5848339784070076
ck_d7877684c7923ec3,0.25292320228152376
ck_7384d4d2406aabf4,0.6083316357710329
ck_0c2932cc0d553694,0.2745874923609697
ck_bb41a66e3d90263b,0.8610307598288858
ck_5245cbc5ff4d4fa6,0.5456814015074354
ck_4df2fb8e4b649e27,0.383458952943573
ck_bc6f07b06aaa4ce3,0.936952536158077
ck_25a1ea40b2d59254,0.12238745161947445
ck_af65eb885a51048d,0.09502953758402935
ck_7a3f2961e9a8b6dc,0.2622122631900591
ck_a9f700eee5d638df,0.5919026278264412
ck_5e18870d8e30e379,0.7095335098798126
ck_e9047964952bee70,0.5783968221633734
ck_49c3bf13dc9471ce,0.6419026278264413
ck_4f63d5245b3ac1dd,0.40923813403951925
ck_291bffc7809f896a,0.2278977388470157
ck_9b5e7fe28208f5d1,0.6158484416378082
ck_8f21f2690c32c691,0.8426665308616826
ck_729cc0b46cc2e546,0.9178651456508454
ck_ee4d9a7449515908,0.1342126706050112
ck_2c629c657f73941f,0.740069260541862
ck_e4df7faacdfe8c40,0.7510389081279283
ck_ddc865af1dd5670e,0.843980444082298
ck_e52cbcd9aafd26b2,0.112161336321043
ck_0ac9114076f5bf3d,0.3386433082094113
ck_7661d7ceaeb19f97,0.6605418618863312
ck_028c41b195280980,0.361743735995111
ck_dcc125b178b79566,0.07306987166429008
ck_1f517e0ebf397b51,0.36174373599511106
ck_2c80a592fb4cd6a3,0.31155021389284987
ck_391639c0f13932f3,0.1091464656752903
ck_c36ed9f8e6792ea4,0.5898553676919944
ck_3689fa41748a6f6b,0.8589223874516195
ck_555848d51f4b5f35,0.695528620900387
ck_27e4de495abb4d15,0.21850682420044817
ck_054ed4288ee58d6e,0.7646465675290284
ck_1422a7bf7756294d,0.9510898349969443
ck_27acc9f320cda104,0.87455693623956
ck_9c4886c5c90ddbdc,0.2062945610103891
ck_5efbea1befdefe1b,0.9080362599307394
ck_2f9fa0d61829f815,0.3660827052352822
ck_798ba4b8aa544fea,0.26920961499287027
ck_54e581f71be5430d,0.07316154002851905
ck_5b82c774df10d49b,0.027469953147280506
ck_01d840cffb870615,0.8858015889183133
ck_3a8ce1cc724229b8,0.004573232837645142
ck_8f43459991ea511f,0.3224689346099002
ck_f878b68d66fbfd4b,0.14980647789773885
ck_e84abfc0c747c9dd,0.9759115909553882
ck_083e4ac78685c3bb,0.3726522713383581
ck_fd242b18575e3063,0.7157364025259728
ck_b150fe4efb449b05,0.48456915868812384
ck_5e84bca0e362da20,0.6305866775310655
ck_95188150ff059c70,0.8196883275616216
ck_c20638a325ead2e4,0.2707883479323691
ck_dfd3dbd0d97a642b,0.4676512528009778
ck_5fdf8a0bdbd3ed62,0.6266245671216134
ck_d6df562a79b9d0d9,0.33915257689957223
ck_28c53b214b2ee882,0.9000712976166225
ck_aa2b4c662ff213b6,0.40562232633937667
ck_5a6593d954085775,0.49570177225504175
ck_558cfe5f77a55a9d,0.3820431859849257
ck_c7ae1d4b3ab38185,0.5550315746587899
ck_0fd826fad7ec7cd6,0.39739254430637605
ck_ad6d48c20a3688a7,0.4211040945202689
ck_123c15d93f1840f2,0.8567019759625178
ck_a75ece9a9044eed0,0.008209411285394173
ck_403da2a2d800df9f,0.8199837034019148
ck_7fd8b1470401695f,0.9313811366877165
ck_cfb06f07394dfe64,0.015094723976369934
ck_aa01d5aafde73d0a,0.25621307801996335
ck_dcf851e7bb5855d0,0.15856589936850685
ck_2fa8f2577116e9ca,0.7236606233448768
ck_57deb202d4188a29,0.3605622326339377
ck_a95afc7a00303a26,0.5771847626807904
ck_1f871df76c6a995b,0.7668466082705235
ck_1a6b30320835e57e,0.33587288653493585
ck_73c5371635aca173,0.9623344876756977
ck_1a9235812de4b2c1,0.5897127724587492
ck_ec26e327cc1848b2,0.35633530250560197
ck_0742fe64055d686f,0.0222041148910165
ck_076cbc25c8f15fc3,0.9858423304135262
ck_ada46085a78280e4,0.3400081482990426
ck_0aaaa9d2f75a0518,0.30319820737421066
ck_4ff6fc70bccfba96,0.9437767366062335
ck_a6fc92aa91e99b77,0.9464249337950703
ck_6031211ff118cf0f,0.05077408840904462
ck_920a48ba8c583e96,0.0912202077816256
ck_098167eaf124c279,0.5019148502750052
ck_91a0ca45f429568d,0.543939702587085
ck_e077d004cd1d80ae,0.33452841719291104
ck_20a7d1ce6cc27312,0.11571603177836627
ck_8d27ff8383d48132,0.14667956814015076
ck_c47e32c47f0e6578,0.9088409044611938
ck_9d7151dbdf100e0e,0.7
ck_5dd80b3c01457bd8,0.5243328580158892
ck_8594f165e95316d2,0.21679568140150743
ck_a58e900469dfc3f0,0.23962110409452025
ck_f5178a658225d8e4,0.1273579140354451
ck_f5dde68f6f0468e1,0.058474231004277864
ck_a8a2e296f9804bd7,0.6624668975351395
ck_463937167965a1f8,0.5165716031778367
ck_12a074db100481cf,0.9147586066408638
ck_88e3dd3039508332,0.6724180077408841
ck_9cdfaa1c30cc9d32,0.04518231819107761
ck_4e0e80f5cc271bf7,0.049246282338561834
ck_af69bfcf4f07d932,0.3930637604400082
ck_5a4d19f1b83feeb8,0.1111733550621308
ck_eaec5f1a83b66eb0,0.8159706661234468
ck_2c4be237a7ed79c7,0.09167854960277041
ck_e16528edc694fb33,0.9801079649623141
ck_3c177f5970b68bd3,0.2725809737217356
ck_ad7c256ea10c4a00,0.8666225300468527
ck_012519bb095ad36b,0.9910368710531677
ck_0ed2739384f1d644,0.24512120594825831
ck_48446a9e8184c7d4,0.23566917905887147
ck_31e1ede23247d56b,0.7255041760032593
ck_40052cac10562cde,0.6585149724994908
ck_3267fe3aac05c71e,0.17391525768995725
ck_c3db1b3ad4f16679,0.19872682827459767
ck_1b74b798eebeabdc,0.32178651456508456
ck_510e7c5df1f95d90,0.9864534528417193
ck_948517bad569b40f,0.7519861478916277
ck_b16a7c51b6f7a6b1,0.8600631493175799
ck_b53ea8713d32ca7c,0.6813403951925036
ck_11bf1039f8b3025b,0.5645956406600122
ck_4b088920f3a844c1,0.5350071297616623
ck_c2015a1200971fe9,0.47824404155632516
ck_f5a32e6160b28379,0.08714605826033815
ck_b0b5bf9254700402,0.39209614992870245
ck_eeca179341d56f8a,0.9699022204114891
ck_d94dfde9e03c9d1a,0.781452434304339
ck_938ce30c864bc7df,0.23136076594011004
ck_66d38518f68e6194,0.08034222855978816
ck_115d86fabde77b65,0.05966591973925444
ck_9e109edd124492a5,0.057924220818904054
ck_f29471fe7c818d6a,0.27478101446323083
ck_a27bc31eecd9cb9a,0.3672540232226523
ck_ed4427962c68918c,0.9802811163169689
ck_7b55d9bb1a250d4f,0.3766958647382359
ck_461e3f7b97db8d16,0.6471073538398859
ck_2ee84f3fa27f2cb8,0.13024037482175596
ck_bdee7c86f5ebe81f,0.34932776532898757
ck_719602def4d35fe0,0.6740171114279894
ck_87c26b2f41025109,0.9711753921368915
ck_c7baebe4549fdbb4,0.7231819107761256
ck_6f847263379f2e43,0.6297922183744145
ck_95391029a21caa24,0.6650743532287635
ck_97402a153348e68f,0.5970462415970667
ck_f1acf73363925958,0.6899674068038297
ck_041614694b77e599,0.3715522509676105
ck_a7b57882ab66b111,0.250234263597474
ck_71a0d645744302a3,0.2727541250763903
ck_bfc453eabb472f91,0.37940517416989206
ck_c33a762d98f9b290,0.15089631289468325
ck_9e75c6641939f4fc,0.5557954776940315
ck_d17653a4a2d4a79e,0.6835608066816052
ck_df20cc23b8fb8e22,0.246598085149725
ck_62720b81617896cc,0.2882664493786922
ck_d6d2c1f6dfc455b6,0.9325830107964963
ck_a0b4209feb31f5c0,0.9974231004277858
ck_779cc0f2de4d5488,0.8240985944184152
ck_3152c7115257f084,0.2620391118354044
ck_a28d6b1601b472a6,0.5049093501731514
ck_761989aa4c47d746,0.6402322265227134
ck_97e3b04a1350f6e4,0.6113363210429823
ck_397d5fcc9972f909,0.6304440822978203
ck_bae8dae7cfd8baba,0.122367080871868
ck_04e32ee9834c088d,0.9547667549399064
ck_bba0ccc6cd968680,0.4205846404563048
ck_1b34c420a4c85a95,0.3859543695253616
ck_a1201284122c141f,0.5920044815644735
ck_5ac335f02280271e,0.7736402525972703
ck_dd882323474431d4,0.6458851089834997
ck_f9604adde929beff,0.19388877571806887
ck_44211dc210139ed3,0.23845997148095335
ck_e5e5dc431bed6f9d,0.3022509676105113
ck_17d3022ca12eacd7,0.21753921368914242
ck_209f574c8d92274e,0.3265125280097779
ck_9fcde1ff46cbbea5,0.07707272356895499
ck_58fd684aa5a6f289,0.0029639437767366066
ck_e96a5e1f08f8a867,0.17662456712161337
ck_90456160115f9ef4,0.17826441230393156
ck_70a60e095e9b706f,0.2535139539621104
ck_2d46291975f0dd08,0.26771236504379714
ck_f2734417c0db4ee3,0.3862191892442453
ck_651e076ee43aea85,0.38708494601751886
ck_74d602c907ee9119,0.1023018944795274
ck_4c99a6eadea143e2,0.8141372988388674
ck_8395f004cf4d4c08,0.48457934406192715
ck_3938e92585df2b34,0.33464045630474637
ck_bc32655ee5ed643e,0.45488897942554496
ck_ced9163ea85589ea,0.8810144632308006
ck_9111e3a04b14dfba,0.7067223467101242
ck_791be3378dd7d64c,0.4731207985333062
ck_7cb0c9ded4d63027,0.6451823181910776
ck_0db62d5f7f75f80f,0.5232328376451416
ck_1723900ab9afe374,0.8460277042167448
ck_54459b45d2be8459,0.14519250356488084
ck_a0543e9b3abe1001,0.4263088205337136
ck_08dba09fd7dab896,0.5550213892849867
ck_b9eaf03453ac7d5f,0.3209818700346303
ck_298922703c5bbe05,0.7112344673049501
ck_e662b14b2bab23a2,0.8271847626807904
ck_4a691892d9d6cf89,0.4284375636585863
ck_056d5f0301c30902,0.9003463027093095
ck_7cdce37d895eefb8,0.22479119983703405
ck_c0b8067c144ed6c1,0.6097066612344674
ck_856ea65fa27d06dd,0.6945304542676717
ck_55d0c7012d7ef236,0.7773477286616419
ck_9bedf54df9418e4a,0.3261152984314525
ck_00f9ca84d1d8ae7a,0.40380932980240375
ck_420d1a9c604293ce,0.5639743328580159
ck_9874ad160efddf50,0.6682929313505805
ck_f4f6f0caaab70040,0.07885516398451824
ck_a26704b5b26258b7,0.34069056834385825
ck_edccb5a93b741744,0.6132511713179875
ck_a5f7b6fed6df2aba,0.7657364025259727
ck_ced6b6dcdc7c201a,0.201303727846812
ck_77549c1a41f837c3,0.6438887757180689
ck_aa5f3ab48c17fed8,0.8830107964962315
ck_2a5a4c18c2c7274b,0.357221430026482
ck_e05d44e46c7174e6,0.46354654715828075
ck_0084d8ab6b1044f3,0.24716846608270526
ck_42633573639a3f02,0.9943063760440009
ck_0fc1086e1c9e04b6,0.6430128335709921
ck_0e6bebf8ae9b9b03,0.45483805255652876
ck_f158d9e5f101bb35,0.5686086779384805
ck_e107537a4cb738f4,0.16838459971480954
ck_ce1b06623e4a815e,0.1783458952943573
ck_2f4f94827984c426,0.27317172540232226
ck_e8ea56e122a5a487,0.5963943776736607
ck_2d7394afd61643d0,0.5547565695661031
ck_8dacf3a2061ca17d,0.4574251375025464
ck_315fb710a0e371e7,0.08845997148095336
ck_cdd7c77823c2257f,0.7930841311876147
ck_e9287b6d909d731f,0.15206763088205338
ck_d12d2924d0f7a64a,0.42270319820737423
ck_0dda35c0c64c7073,0.9822978203300061
ck_d1ed88ea4211ba4d,0.43988592381340397
ck_2103399bdb2898a6,0.3303727846811978
ck_1a524b5cc8da71b3,0.841148910165003
ck_58e5359efc52e0ad,0.2071705031574659
ck_3caec7dd6f8d02c9,0.7890609085353433
ck_3eb73e56751c704d,0.556477897738847
ck_37d47cf0f34574a2,0.06997351802811164
ck_66d0c6d6b67a8d58,0.1932369117946629
ck_98149ed45d38c4d3,0.6249032389488695
ck_00480407160e0743,0.0839376655123243
ck_d1ea4bcc407c7d5e,0.4662456712161337
ck_ac2f7397801036ef,0.7455897331432064
ck_799aaf9f2b9ef621,0.2503361173355062
ck_93c4e05699b3b7d0,0.43466082705235287
ck_66accecabf3901c0,0.5724180077408841
ck_f0c4aac04076a6dc,0.2745976777347729
ck_e3cb5f31d8e94448,0.9865247504583419
ck_e541967c681cb929,0.6677938480342229
ck_8aec3d3dd51517c2,0.14822774495823998
ck_23edb6d938a3b87b,0.2243328580158892
ck_740e760fdcd27835,0.2516500305561214
ck_fc40a16adfced018,0.294825830107965
ck_7f0cd6ea3096f985,0.0476981055204726
ck_347386629d96c664,0.593705438989611
ck_2366b29ed9887a5e,0.08204318598492566
ck_187317383400491d,0.5127724587492362
ck_dcbab304b55a42c7,0.81480953350988
ck_ddcac1ab765ff61a,0.2832654308413119
ck_f39cfeb277ef6528,0.03830719087390508
ck_d69455220b21dc9b,0.15981870034630272
ck_b4703ee97f94d7fb,0.135740476675494
ck_0e0bab173622db9b,0.7276023630067223
ck_d6fe761ed0db3270,0.37150132409859443
ck_590716322ff147ae,0.5508657567732735
ck_494954023f0eb309,0.6408331635771033
ck_95e444a01e2ab4a5,0.7145752699124058
ck_0f909705e2e60f2f,0.062018741087797924
ck_6d03a542922b2ae8,0.457455693623956
ck_b0ef193195a2138b,0.3296292523935629
ck_7b1660e942436e12,0.5754023222652271
ck_50ede3eb561a202c,0.5093399877775515
ck_4c4a939154446053,0.16774292116520678
ck_504a45ee08db72b6,0.12569769810552048
ck_f143641bf3dd0414,0.6290385007129762
ck_b7bd3a7f263f4f29,0.8003463027093094
ck_bd23cf9bba1dd33f,0.5879405174169892
ck_e5f5cb7dd6ce4a37,0.8662253004685272
ck_1658429acd5306ba,0.45176206966795684
ck_db1fa53d588bf99e,0.5021694846200856
ck_edcfa9e1cf29d813,0.6302200040741495
ck_b7c37d410b1646c2,0.48176818089223883
ck_73cab88b29c7845d,0.6489407211244653
ck_f42a43e4c3f34ccd,0.267192910979833
ck_0d0a1a021efea5b6,0.5939753513953963
ck_f8f6a03613b6dda8,0.40704827867182725
ck_60557f077abc42ca,0.9154512120594827
ck_d75f25184ece2b51,0.18440619270727238
ck_bb1a981306b750ac,0.8304746384192301
ck_7e561caa5fa1f3f1,0.5732022815237319
ck_e424148c6f2223df,0.05947239763699328
ck_4937cfa6526ea138,0.615237319209615
ck_a72d6df666e1c21c,0.3034222855978815
ck_245f5d62ead5ef28,0.6353126909757588
ck_059806c52cebe4f1,0.8785088612752089
ck_547090bf35a3b243,0.2595946221226319
ck_19988702ccd79201,0.4758708494601752
ck_90b4ac695b9c6bf7,0.226094927683846
ck_66267bbad1f1415f,0.9793746180484825
ck_ff6a6d3547dd2d37,0.35168058667753105
ck_03129b41457795d2,0.6945304542676716
ck_a892252e4e0c2828,0.2698920350376859
ck_b3905153b9eee924,0.30038704420452234
ck_e934f984bad2ff91,0.9549704624159707
ck_8d2afe17c0082e6a,0.6628335709920554
ck_ea9edf9c107d429f,0.21013444693420247
ck_61fff5fdaadd394b,0.24859441841515584
ck_3edaa94d28cd48ea,0.482338561825219
ck_f66f06e24ff32671,0.42063556732532087
ck_7cf562578c7f158a,0.6474027296801793
ck_66949171b387bb93,0.6145447137909962
ck_87d70f5fe48a6128,0.6744041556325118
ck_3ad3fd3cceb56b66,0.9801487064575272
ck_d229dfa0e4442628,0.028070890201670404
ck_4732da7e0d2dfc7c,0.2250458341821145
ck_2209de229b4c71c5,0.3453554695457323
ck_4ed711fe4053e74d,0.7641576695864738
ck_c78b2638fadd91ab,0.611183540435934
ck_8bb6b0a292754576,0.8839478508861276
ck_0b615ed566da1f58,0.5883275616215116
ck_d2b3ce1ebabe9f93,0.8686086779384803
ck_d3b2b250da61db19,0.974923609696476
ck_4ffe0366df388604,0.3482786718272561
ck_d2d4a8f4a9f2c33f,0.4861071501324099
ck_b378b8d8100ee4b1,0.39738235893257284
ck_20a17e8f206a14c8,0.6997046241597067
ck_9ed53de6ef779ae0,0.06692809126094929
ck_3f16e2cd7e6874cc,0.3244448971277246
ck_ef33c04f4c9e3758,0.6338358117742922
ck_8fd91a3c99e19097,0.765145650845386
ck_0c6e7bd357e4a348,0.0905683438582196
ck_95654593cdebd141,0.12223467101242616
ck_9822f8ed05335741,0.4202994499898146
ck_11c7667920541587,0.45322876349562036
ck_ec3715add8bbb6e9,0.0532898757384396
ck_f09f9d0e0886e0c6,0.31745773069871663
ck_12107dacc6d05bd1,0.06052149113872479
ck_23a016cf6b98d89c,0.6767977184762681
ck_0e719b3a6906b8f1,0.016255856589936852
ck_7137eeb394d200f1,0.7770319820737421
ck_8026e017909aaa6c,0.15978814422489307
ck_ce36b0c287bd198e,0.7475045834182115
ck_926b81c0ba528eee,0.49743328580158896
ck_6b93bd8abf87b1d6,0.969056834385822
ck_73762038c7ff2f6f,0.10185373803218578
ck_abd10fbcbaf2b038,0.16244652678753313
ck_7ebc5fa7f0d3b8f2,0.37151150947239764
ck_fe33eb743d714c03,0.46429007944591566
ck_17cc7b411f448e66,0.6908127928294969
ck_5debd55f361b2ddf,0.40983907109390916
ck_350bf14e90b503f5,0.6744041556325118
ck_469c17407d17b706,0.7426156039926666
ck_004de16f7d8a42ae,0.36164188225707883
ck_27fd85b1e38b675a,0.16110205744550826
ck_05f79ddd8eefaa56,0.5620900387044204
ck_3a57a13ce032a6fe,0.2906396414748421
ck_c965fd6bec0f0ecd,0.6109289060908536
ck_a721f0d635fad68a,0.2690873905072316
ck_c29489366c01fe65,0.9831788551639846
ck_781b8288e54ba8f8,0.8027093094316562
ck_c9eb4df91ff07f2c,0.6428396822163374
ck_8a5a57858e8c77f3,0.473253208392748
ck_76d010aa02eb477a,0.02677734772866164
ck_7a50abd42298133b,0.14016092890609086
ck_1d2b80ab6c4944b9,0.4458545528620901
ck_4e39e3b165edab58,0.9503259319617031
ck_e0ccfa0d689339be,0.23579140354451011
ck_89790ff26c844bc6,0.6126807903850071
ck_94e8142728e44380,0.6077103279690366
ck_e3a22799716df39d,0.1655123243023019
ck_5217b55593a332ca,0.7300264819718885
ck_c1c9d3842d758420,0.8117641067427175
ck_dd34f0a844fb115d,0.8143308209411286
ck_24cd0d779e866287,0.40953350987981263
ck_59f46321ecf6d306,0.3979629252393563
ck_e7c212f16d6df272,0.5879099612955796
ck_c69ef0f3e7d6acf9,0.6210226115298432
ck_6c1dbee7e8fdd5c8,0.5479629252393563
ck_2ad0ecbacd5acf8e,0.9773477286616419
ck_d67d9dfb60b286b9,0.049154613974332864
ck_b35d803568f82d9a,0.32222448563862294
ck_af39767cf583905b,0.6516602159299247
ck_4450b55f462ae134,0.3897229578325525
ck_545b71eb4fa594b5,0.06716235485842331
ck_c0422e638a9c6046,0.4436341413729884
ck_cd7dcc884e283746,0.7132104298227746
ck_d6ea026357ec6477,0.6194948054593604
ck_e30e17db5473c7b2,0.4127113465064168
ck_5567779d6ba184eb,0.6119474434711754
ck_fca2798914627dc8,0.8936545121205949
ck_fff9fdc2adf5100b,0.964259523324506
ck_0c45e54897ab34e2,0.6960073334691383
ck_507a6a580ab55c76,0.5231004277856998
ck_332ad134fb909869,0.4924118965166022
ck_ca60d61cd4dc3bea,0.126746791607252
ck_59735f4ab2ad3da5,0.44696475860664087
ck_ab9ea095a5c58b4b,0.47837645141576696
ck_ca0cc8ea9f344408,0.3585353432470972
ck_8e139f8925ef7968,0.3133224689346099
ck_9dfb2ae78659240a,0.7693012833570991
ck_90f6f5ced708aa75,0.07195966591973926
ck_4280c33af57eb4f4,0.04880831126502342
ck_5ac86682385c86b8,0.26903646363821554
ck_1bfa8abdb22be8f0,0.6449582399674068
ck_65491367584c730c,0.5387247911998371
ck_3d7db96995745472,0.5936850682420045
ck_a1c39df50a5873b3,0.843848034222856
ck_ff7c26a62bda8089,0.06972906905683438
ck_09b0d8af304646bd,0.04257486249745366
ck_3c25029e40aa8a84,0.2750152780607048
ck_765aaf42c5088545,0.4391016500305561
ck_e0f845159b6e6a4a,0.5209716846608271
ck_272ae2179bbd8e58,0.23784884905276024
ck_c0ce85fb4109567d,0.7304440822978203
ck_515379973a8044b8,0.3245161947443471
ck_b5c3075c811a2216,0.6683336728457935
ck_713159c5c6a7a4d0,0.9964147484212671
ck_5b3ba20c8bb1383b,0.2823080057038093
ck_67cdcdda3033842d,0.7769606844571195
ck_647ac26c5900f082,0.4752393562843757
ck_46d51648c1bf80e5,0.8905683438582196
ck_40b4e264d1a12b83,0.9135058056630679
ck_620d7ae27af83cea,0.45975758810348344
ck_b9e5b318ee4de68d,0.4910776125483805
ck_cd691e3466fb3742,0.29171929109798334
ck_7190177963eafdd9,0.3696985129354248
ck_362ce13eec1e33a0,0.18857201059278877
ck_646e270e0195bf05,0.17210226115298433
ck_472e0be7a3b533bb,0.4407516805866776
ck_0dae4a7eb587f3ba,0.4768079038500713
ck_e6e7257377c37b28,0.841474842126706
ck_b7f5d10b427346ad,0.28983499694438786
ck_3365a0ad1a8aa83c,0.29938887757180693
ck_7a43ef9c7b1c67b5,0.14655734365451215
ck_7456df89f3792235,0.05003055612140965
ck_5014a3b07e1f049f,0.9622428193114689
ck_9b12fb56529ebc4e,0.607496435119169
ck_002eb6552b504ea1,0.5096353636178448
ck_170f4688e0acd875,0.9249643511916887
ck_ccc83cf66365357b,0.6794153595436953
ck_4719112b55d20161,0.34267671623548585
ck_a02aeec1914c158a,0.5416072519861479
ck_ad4a4daa826ac68b,0.8824709716846608
ck_0d40961e47797027,0.26509472397636996
ck_114c32aad4b6183f,0.7023528213485436
ck_6ee939b7f396975f,0.42086983092279495
ck_202f0c14b07ace01,0.7180484823793034
ck_09fd43f1b7e2eca2,0.07618659604807497
ck_189b6fbe9b9192e7,0.34605826033815446
ck_1383b2b1875000f2,0.5384294153595437
ck_00bd7803f2530c68,0.39934813607659403
ck_4085cd3bf2661518,0.35953350987981264
ck_79323eb5d2e5efae,0.2842126706050112
ck_7d1661a34164406e,0.9507740884090448
ck_ec30b61cbf517db8,0.15806681605214912
ck_ef346071f0b7654b,0.416072519861479
ck_4c2f2eb657c2c60e,0.05102872275412507
ck_832d39c590a3ca75,0.9597066612344674
ck_7cc5e0fa3ca5a713,0.1998268486453453
ck_08b4619490e751a8,0.9441128539417396
ck_e0b3158111370118,0.3456101038908128
ck_2685f38930866af0,0.5622224485638624
ck_cd6fbd4e8724f994,0.5753208392748015
ck_33160c443d4b3f19,0.5256671419841109
ck_2a2c336a69b8d68d,0.686952536158077
ck_805ee564bd35ef15,0.396363821552251
ck_08a0355d1f1890ef,0.4077408840904462
ck_15fe2a47fa7e92ea,0.10658993685068242
ck_85ca825f905a34a1,0.6353432470971685
ck_b6527a85fd682554,0.6509166836422897
ck_9dfaca4c7c80b10d,0.8246791607251986
ck_ffb4d892c5158201,0.08070890201670401
ck_a544e766540861fc,0.5785394173966185
ck_354909fecf5da8cf,0.27411896516602163
ck_fc5ea49518e5d637,0.12720513342839684
ck_7c12de74de30b788,0.9268282745976779
ck_7f9a748110d70005,0.352189855367692
ck_732f725747393ec8,0.7015074353228764
ck_2452a30397dfc54c,0.43577103279690366
ck_08fb463e69f647c8,0.9930230189447953
ck_49df70f908dfd069,0.7824098594418416
ck_7af748a23775bd54,0.7793236911794663
ck_5010ffb1c94187b5,0.21871053167651255
ck_68250033717cd59e,0.5082399674068039
ck_83dde7da2bf647ac,0.04076186596048075
ck_8bbb625384edebd7,0.08480342228559788
ck_5eaeb87bf6207406,0.9798940721124467
ck_0a7adc2f27f98510,0.7009981666327155
ck_c3719a30414bbb4d,0.42651252800977796
ck_580f136ced341298,0.24770829089427585
ck_70d69e5d1bb99e85,0.2775208800162966
ck_c3476080516db25d,0.6781014463230801
ck_d4e0b2a12fcfc35e,0.12781625585658996
ck_2ca91214c357c072,0.8657364025259727
ck_c3ba7534cefc1de8,0.3149419433693217
ck_e967ff05514b697b,0.48286820126298635
ck_2d3d7d64a6f443f8,0.7227541250763903
ck_9ccc030ba2de9fb2,0.8053167651252802
ck_387e5a7f163c7837,0.5354043593399878
ck_d51df5e9fbbbcc94,0.6927174577306987
ck_15254db133b28371,0.7480342228559789
ck_5ac959cbcc5e98f3,0.11035852515787331
ck_619842688294dabc,0.4517518842941537
ck_179ed66cdfc1ce27,0.250234263597474
ck_3a70b4ee59084715,0.4651354654715828
ck_c1dd3feb9a0b6471,0.5006314931757996
ck_235ce9603c7dccbf,0.8873293949887961
ck_edf1096809e83ef8,0.1171521694846201
ck_83c2c34add971d76,0.06018537380321859
ck_0a4e191cd0a57ce1,0.09146465675290283
ck_472c81a144f4631b,0.09237115502138929
ck_81818169208a8cda,0.7022611529843146
ck_06aee5a62a67a84c,0.7528417192910981
ck_754cd7b4a5ae3f94,0.709360358525158
ck_3428910b44b9d08f,0.6199124057852923
ck_a9d2bb4f2bde7052,0.10162965980851499
ck_6482ed4491bedcaf,0.40555102872275417
ck_966d4d713cbc7792,0.1833876553269505
ck_1c8c969667cbaab2,0.9773782847830517
ck_94295287a04c85d2,0.9113261356691791
ck_466103ec5bd9444b,0.5812589122020779
ck_3c0031d7514da17b,0.5061315950295376
ck_9757163e25262b74,0.6773375432878386
ck_c8ad3f01319c065e,0.767895701772255
ck_d35e3aa9ef5d405e,0.8947137909961296
ck_3397c7856b4669a5,0.11797718476268079
ck_1745847cd4e5dc83,0.4437971073538399
ck_4b84357ae8ec7777,0.6630169077205134
ck_bd771efb4a7e15d0,0.1978712568751273
ck_764d40f865e710af,0.41811977999592587
ck_021c6a4a7e3f1f0e,0.10839274801385212
ck_123d75ffb75b606d,0.3158280708902017
ck_b48cd8593533fc1d,0.9397535139539621
ck_c7b17f7b24bef5d7,0.41505398248115705
ck_b11e22e75d9b99de,0.042259115909553883
ck_c7550723b90e5615,0.18311265023426362
ck_4dfd8947f540eb24,0.2544204522305969
ck_731943c682c9394e,0.6418211448360156
ck_7db098a17374bbf8,0.9805051945406397
ck_7f3132d6be389657,0.7517518842941536
ck_95458880a54df0b1,0.8837746995314729
ck_4c6ea04ce8ca9e2c,0.22654308413118765
ck_8777beb11aabd66d,0.22190873905072317
ck_60c3d8306527a08d,0.19664901201874108
ck_cf8ecabbc61d3e11,0.3065186392340599
ck_5189a302cfa7cefd,0.07580973721735589
ck_77f293d44b4a3d2e,0.7579955184355266
ck_bed50fc64fbbf8ec,0.685740476675494
ck_929bcae878a3ecb3,0.9359951110205744
ck_f7c6c26ef3c4ae06,0.41971888368303123
ck_59a9e000fa275e1f,0.6074760643715624
ck_3ed9e081959b2f5c,0.5513342839682216
ck_57f17254e2688637,0.5075677327357915
ck_52dec82e9cf6135a,0.233876553269505
ck_d91ab840848a54fc,0.027286616418822573
ck_c886adec7bac250a,0.6861682623752292
ck_63d4f5076fe4406e,0.16520676308820534
ck_ac0ea27e692acdc9,0.694224893053575
ck_ba845332b730b596,0.05866775310653902
ck_7e9a8924eab779e6,0.9776227337543288
ck_38abb60995114f8f,0.7356895498064779
ck_323b9cc5c49f8ea0,0.9522917091057242
ck_c530235393360e3b,0.4140965573436546
ck_1355db6f4010232a,0.46209003870442056
ck_1cec1ed1512a2d3d,0.08107557547361988
ck_5c0fe988b8aa7fcb,0.906060297412915
ck_79e202f06d8dfe42,0.7665512324302303
ck_e137400825a1e3e6,0.3859136280301487
ck_fefc49a2b8ad993e,0.38173762477082906
ck_7510b1023cd08531,0.5199735180281116
ck_b95fbf2b5640aa82,0.4202383377469953
ck_f4536ba8dd2d551d,0.3876553269504991
ck_9dde2c63acda3ba3,0.42751069464249336
ck_59472d17debedafc,0.28247097168466084
ck_b0fa8b84e94d8ae0,0.500926869016093
ck_5b52ee0a13c71590,0.12963943776736608
ck_ad3c4be96599554a,0.3353941739661846
ck_458531c22ec2f9b3,0.482338561825219
ck_b379c198d6db2d62,0.6229680179262579
ck_ed9c56fdb9f45ddc,0.9324607863108576
ck_b3ab3c210e2c7c19,0.5172030963536363
ck_98b34f2d704c1c2a,0.536249745365655
ck_6def9d0429e4ed4b,0.7581788551639845
ck_ac68d707006c12a8,0.33366266041963744
ck_829cbf5ccda481ae,0.6704624159706662
ck_43ea894480567274,0.7139437767366063
ck_5e36042cfad96c99,0.9148808311265024
ck_891eaedae139828e,0.5742411896516603
ck_68ba25dc3385fea1,0.6915665104909351
ck_4a522ca2dc4831a0,0.0642493379507028
ck_a152165caf295b51,0.5733652475045834
ck_31c54d540b128843,0.09053778773680995
ck_cc447fcc24a0772b,0.9249949073130985
ck_8a16eb584093b12f,0.09678142187818295
ck_259271c70f3fbcbe,0.6255652882460787
ck_bd86132499defcd0,0.2219291097983296
ck_7a4e3d553e8ab5b7,0.8954165817885515
ck_8ee08f6777cc155b,0.5661132613566918
ck_604c710141327a81,0.16037889590547977
ck_3f1287e6c27de0dc,0.47095131391322065
ck_ae91b4cff57fb3bf,0.4739356284375637
ck_8d5fa65717d2e0c6,0.47650234263597474
ck_c0b744eb9e7d4eb7,0.6855775106946426
ck_90114c891239d821,0.25611122428193117
ck_85de63d278f0fbae,0.06843552658382562
ck_3d41faeb96802f68,0.15184355265838256
ck_2cd21137a07fdd7d,0.2370034630270931
ck_168e7ea341a36b80,0.1648400896312895
ck_db23a0e3e54be60c,0.9446221226319007
ck_a958b2461ffc21a2,0.8110103890812792
ck_0b3c3bea0e0ed339,0.349348136076594
ck_be5df076b8a86409,0.24020167040130375
ck_2d1548f1ee405cc9,0.26552250967610513
ck_7176bbc97b1e42a1,0.22443471175392138
ck_ad9e2088a33c8c72,0.003055612140965574
ck_324b9939d9c1c31e,0.5492259115909554
ck_dfc8f5c141fd7c63,0.6914850275005093
ck_16fc77b2bcf5ec03,0.9625178244041557
ck_4f521611ae14ae66,0.2925952332450601
ck_a7fcf7b592f68ca1,0.6014768792014666
ck_8311cb6755b2016c,0.09595640660012222
ck_724085c3452d4693,0.8973823589325729
ck_a0db4ccca08030c3,0.9711142798940722
ck_de39c1947fb675ee,0.6911692809126095
ck_96a9221a87be93c3,0.6112242819311469
ck_98217aeafa0bfefd,0.5141372988388675
ck_f4a7ac178fd55f0e,0.22579955184355266
ck_5d818522cbfe2a54,0.791749847219393
ck_874eca6776b34dec,0.10473619881849663
ck_7262b4e0c29c942d,0.4106539009981667
ck_20cd2f5666719baa,0.11850682420044815
ck_d7ad9921a4d25926,0.5873599511102059
ck_d56ee1654378ffc7,0.5358830719087391
ck_2c7667f64edec2b5,0.3906090853534325
ck_78730527f8ba1438,0.8595538806274192
ck_794ba5921cef50c9,0.7686494194336932
ck_b8cdd6d6dccc4554,0.3080973721735588
ck_12cbb211ebd2b437,0.8032185781218172
ck_85cb5033fca7c846,0.8070890201670401
ck_1e51199a075ca0fa,0.07178651456508454
ck_e0f3ea3373dfc4aa,0.41427989407211246
ck_40799e129fcf42c5,0.915186392340599
ck_5d4ed73b9efd7d11,0.19894072112446526
ck_243b1b9fdd3f9a74,0.08859238134039518
ck_9d64187c0800f84e,0.7955591770217967
ck_01eb24c18ad11fca,0.8201161132613568
ck_a0e46b67e986ab56,0.42043185984925646
ck_cff18e2d8c520272,0.12182725606029743
ck_6a27c44b691dbfac,0.2585760847423101
ck_e6ffd0754ac08661,0.05436952536158077
ck_a7acd5b015823793,0.3274393970258709
ck_c3f360c2d0ea0a37,0.1882155225096761
ck_38da3bf629458682,0.3286209003870442
ck_9a0b605e9c3220c4,0.5121817070686494
ck_e980d325b8dbb8dd,0.15214911387247915
ck_75b69034000ca7bb,0.8150132409859442
ck_d451d24c780b5884,0.16275208800162966
ck_2e824b0b27494a17,0.7972193929517214
ck_23caafc2cd34242c,0.5717050315746588
ck_ffe2aa26f597e552,0.5820635567325321
ck_eed7f1f7548df15b,0.4759727031982074
ck_eeb75f8a6439f65e,0.7000611122428193
ck_2e481d75d110c06d,0.7774292116520676
ck_192579ecdca7ff83,0.3710939091464657
ck_869b1878d09d230d,0.8544917498472194
ck_323a71f9452d21cb,0.9486555306579751
ck_5e68ea2c5e893cf0,0.7062232633937666
ck_be52a7ec43241ba4,0.468965166021593
ck_77b56c49cfdb1d81,0.8288551639845182
ck_15e0b679931f7a8d,0.43589325728254225
ck_93776b0c113f41f0,0.731635771032797
ck_1f2760764afa45e8,0.10338154410266857
ck_3fa1a523d77cd619,0.5332348747199023
ck_0e13c4f73818149b,0.3307394581381137
ck_59be61b53d971611,0.2564473416174374
ck_87eb43e3b9d96169,0.7857608474231005
ck_9b7167da0920c37b,0.8585964554899166
ck_6cd8e0196365c474,0.4887349765736403
ck_9951bd806c13c7fd,0.73047463841923
ck_c6d2e11a368184e6,0.1661641882257079
ck_c646cdead6fb79d0,0.5616316968832756
ck_abaf371ec8249c4a,0.8408229782033001
ck_ccb3767c239018c1,0.1268690160928906
ck_e5d1462846154a75,0.83433489509065
ck_939fede90473e412,0.2041658178855164
ck_bc89644ae3688995,0.5022713383581178
ck_71c917295020ccc7,0.30996129557954777
ck_1d58f6caaa4d012c,0.8375127317172542
ck_609c249edd88c565,0.49816663271542067
ck_b1496c474c4a3239,0.06306783458952944
ck_00a07fc2a9183c3a,0.09900183336728459
ck_2122f201e65f76ee,0.4468119779995926
ck_a5051eafe8b51224,0.39732124668975355
ck_129e39ddfde92eeb,0.14245263801181504
ck_102db9615e722c9e,0.6825524546750866
ck_b6a2bdb2d335e1d0,0.9966897535139541
ck_c4cca8278bdad9b9,0.09910368710531677
ck_212525e2828a6c45,0.5385923813403952
ck_84ad096a46e1a960,0.763882664493787
ck_1294f7af22fade11,0.8394886942350785
ck_0d33977c3de8cfaf,0.9962314116928093
ck_5c47b49c26cce286,0.683224689346099
ck_f558fe02bb0219b8,0.3507842737828478
ck_c09c914e416edd08,0.4599001833367285
ck_f8b3cdffef535330,0.8206457526991241
ck_46a8db16ad00b749,0.6881747810144632
ck_310f73940fc4cf4f,0.5064371562436342
ck_3d7fa32dfb9fc692,0.8215522509676105
ck_fe8e5a6c880ceb4e,0.2928804237115502
ck_7176d12b18f2cc0e,0.6091464656752903
ck_61d244b2cde483af,0.34844163780810755
ck_3865b7525b910893,0.6964453045426767
ck_efd7b9e22c6317d6,0.6279894072112446
ck_5e418a7c04437b4a,0.7105214911387249
ck_2db3fb565e0211ee,0.20772051334283967
ck_1071d14c46c92379,0.9277449582399675
ck_1d7cd5dcbcdafd7b,0.937655326950499
ck_dca9dc465f759db4,0.10330006111224282
ck_0d4dfd93086e7330,0.3994907313098391
ck_16077934338472bf,0.15915665104909352
ck_5249b223000915ec,0.6266449378692198
ck_125c5a720ecb177a,0.7115400285190467
ck_62337eccb1672737,0.5456101038908128
ck_13376c59b5bd6943,0.1359034426563455
ck_399e45e5fe9beaee,0.5441332246893462
ck_946afc2943298d26,0.2903850071297617
ck_a6e8e8f535b1f1d1,0.5741087797922184
ck_7c0fdfbb447cdc04,0.4743939702587085
ck_ce0166addb93bbad,0.1796598085149725
ck_7d28da4f1dab09ee,0.8876655123243024
ck_0508908697f60ce3,0.8659604807496436
ck_d96eb3cc55f2772f,0.8554797311061316
ck_b4384b6c11766ce7,0.40512324302301894
ck_e5cdbe3aa12c97f6,0.2940110002037075
ck_9f3861940d8d873c,0.779731106131595
ck_d74a62ab3804a81b,0.37165410470564275
ck_7cffb189f4f514ec,0.983968221633734
ck_ec8738ec663cd2eb,0.8376553269504992
ck_715966f86d5c913d,0.23903035241393358
ck_6da9c5912e15d9a8,0.1298125891220208
ck_c081e1967dcd811f,0.5982837645141577
ck_f9f93d1d41be1468,0.9523222652271339
ck_583d6ca78c97d91e,0.9028519046649013
ck_533c4f7400d5ab22,0.8087797922183744
ck_80c0a7f54ff4895d,0.09814626196781422
ck_a60d6b324bae0330,0.5933387655326952
ck_4eb1c12f7d092bac,0.07096149928702383
ck_5a9d5f9901e37e31,0.5859339987777552
ck_5ee32bc6bb5d1d4c,0.8746180484823793
ck_4684fdd61c6a0fac,0.46180484823793033
ck_510bfbbee37ff436,0.4475045834182115
ck_a964e6b5d8415334,0.9354247300875943
ck_1b708e2a4a0584dd,0.2349052760236301
ck_2369689bd795ee10,0.21641882257078837
ck_e9dcf535f8c289eb,0.7913526176410675
ck_09748dfe4df3d540,0.024332858015889185
ck_2ce5afbc014763b8,0.5885007129761664
ck_132c16312f37810f,0.15638622937461807
ck_010264ae04f2e902,0.8880729272764312
ck_fec0ff92fd622253,0.3782236708087187
ck_6343e0d3b1c2962b,0.6195355469545732
ck_be51f4e5e6b85768,0.9046241597066613
ck_f2bdcfb4203ffdee,0.7992462823385619
ck_9720a472a3e0140c,0.14613974332858018
ck_9aafc33fba1474cb,0.24706661234467306
ck_5403c76fe68a08ba,0.9267875331024649
ck_6e606f73a1094afd,0.8178142187818294
ck_ca9d86f65cfdf018,0.4012426156039927
ck_b9f6040eebd1605f,0.593287838663679
ck_b447badc9138987d,0.06122428193114689
ck_7fc513033af061af,0.743939702587085
ck_01c631b38e8a9535,0.3603585251578733
ck_30753ffe481a1b8c,0.9206661234467305
ck_9129c92c12e0c8b4,0.12512731717254025
ck_c401a26725b17177,0.05275005092686902
ck_117d78ccd5820f36,0.623996740680383
ck_b5777605668bfca1,0.0485740476675494
ck_0e5385c70c6de025,0.11048074964351193
ck_6a0f8f8fa4a3c2bc,0.7021491138724791
ck_1c65e8d5be3b9c60,0.9264004888979426
ck_432cc19c7eeaa46e,0.5905683438582197
ck_ec7406cb5cbc8f10,0.5254023222652271
ck_18eb1f9181f95df4,0.15369729069056837
ck_b837c7dac2a9b931,0.37368099409248323
ck_acb84dc2351eeb76,0.10403340802607457
ck_812cb3a4482cc618,0.2940619270727236
ck_1436f6e11d4008f9,0.27892646160114076
ck_cb83b9f806e90dc6,0.8663067834589531
ck_60ac5e5f375daa38,0.6175392136891424
ck_a7e669cf1c3985aa,0.5579445915665106
ck_675c0ca1ebb1051c,0.21568547565695662
ck_398f3f4cf05c721b,0.1459360358525158
ck_3364a1d9261b3638,0.5264004888979426
ck_8dbf61df902a6bbc,0.1948869423507843
ck_25e551a0a8d2fcc2,0.6463128946832349
ck_7831ca5c31fb3859,0.8916785496027704
ck_7989376f8cf64a9d,0.7962008555713995
ck_0027ba644f9ae2cd,0.8695355469545734
ck_02a9104419a6dbaf,0.4479731106131595
ck_f97c477986043755,0.07774495823996741
ck_4b68b38c1b3326a3,0.1776431045019352
ck_190bc849e5ff5401,0.5972397636993279
ck_a0e96fed380440b2,0.31664290079445917
ck_bd25ea782e375b22,0.7206151965777146
ck_50ed8f4e7ae6710f,0.19979629252393566
ck_86a2d852a9715432,0.7208494601751885
ck_5954f45a2ab45f43,0.56686697901813
ck_5fc65c24e0736d5d,0.9680586677531067
ck_51d842e6dae74c71,0.17869219800366676
ck_b05c4d33c4f43639,0.46839478508861276
ck_538fdbbb3c2bcbbb,0.7789162762273376
ck_735f244b99e3aa8d,0.43117742921165214
ck_5a4eb535c9a11993,0.36215115094723976
ck_706a4f673a9fda3b,0.9341311876145855
ck_b92b11d205af91eb,0.09965369729069057
ck_84569a8fc50e73ac,0.4076084742310043
ck_a5ecbefa849ae569,0.3581584844163781
ck_40bc6de252865f32,0.08662660419637401
ck_4666232ddbf77756,0.38392748013852107
ck_aa0b083e2a6813eb,0.8417396618455897
ck_634276b05f4381f8,0.636158077001426
ck_fbff7b5da8111567,0.3755652882460786
ck_c00e70606904539a,0.3697290690568344
ck_0e808afe2570ecac,0.44025259727031985
ck_b1495ee5c59a6b28,0.4513139132206152
ck_724e459b9ece38f4,0.7536871053167652
ck_3c08546dd0c92863,0.3158586270116113
ck_aa9b28e7fc43af79,0.9576390303524139
ck_f2f3cf9cd23b2809,0.46433082094112854
ck_19660cec756632ca,0.2685373803218578
ck_221b5d40358230f4,0.6350987981258913
ck_dcbe6814fc4ca0b4,0.7701568547565696
ck_5f0be7b468a72333,0.18698309227948667
ck_49685deb63e4e8f8,0.39883886738643315
ck_032880f1114dd51c,0.8737930332043187
ck_238e53b6dee8c301,0.10815848441637808
ck_7c7ca54969eed187,0.6439295172132817
ck_a6c740041faf0bd5,0.25429822774495825
ck_2455d43bbdd2bb69,0.3095946221226319
ck_6c54adce174f45f4,0.13991647993481363
ck_192bbfd0d5720134,0.2504277856997352
ck_85e5494ec20383ae,0.5130576492157262
ck_479a065d5903e9c3,0.18757384396007334
ck_408efac1d3885ff8,0.81183540435934
ck_f7e958a286ae3b57,0.22316154002851907
ck_8dd44eead7d765a5,0.46480953350987986
ck_2c4d25acbe3fabd9,0.7507740884090446
ck_621c9ddde6bf2eca,0.47827459767773484
ck_2df4854186ec515b,0.6638622937461804
ck_a15fe7d0f4b65c33,0.9429517213281728
ck_73b729cb161487f2,0.5143919331839479
ck_053746067839696b,0.4756264004888979
ck_0576b00d728bdf19,0.6548889794255449
ck_daaa995f3c2f0e47,0.7311163169688328
ck_a777c813551281fe,0.33532287634956204
ck_c4de808ae69c771f,0.1402933387655327
ck_1d3e561a7d20be0a,0.9934813607659401
ck_4cc11c7d3ca61f73,0.11811977999592585
ck_fd78f8a8663646d7,0.3681910776125484
ck_3b150afde386ecff,0.671205948258301
ck_9fb11688dcfe1513,0.38040334080260746
ck_924e572517515f19,0.9164595640660014
ck_eda55c8fb47593d7,0.3027398655530658
ck_e066f71f8b296b7a,0.15807700142595232
ck_32430e678c4f9f53,0.24821755958443675
ck_7484c214c889fe7f,0.7538093298024038
ck_7bf668e25abeeb05,0.2461906701975963
ck_3925f8565abb7fe4,0.3670910572418008
ck_933789b55361d7c1,0.9530352413933592
ck_04212a9bb9b28696,0.9970564269708699
ck_f04938570a154de3,0.19644530454267672
ck_4ac918e884cff336,0.5759014055815849
ck_666b95e75d99ec4e,0.9726828274597678
ck_9b665ef46d785324,0.73373395803626
ck_de056e37c82e8e00,0.739468323487472
ck_618c4e5cfae99dcd,0.7542167447545325
ck_3b74512f774a6e5a,0.34348136076594016
ck_1ad36046aaeb816c,0.28513953962110417
ck_2df5a9fc87553eb1,0.6839478508861276
ck_b367449195e36499,0.313465064167855
ck_1242aa4496576a99,0.1488286820126299
ck_133d8a1ac7c0e301,0.9905072316154004
ck_b804e784cde9af8b,0.39852312079853336
ck_4b3506b624e5193c,0.7403137095131391
ck_475ea9aa6d3898b7,0.6222346710124262
ck_337b24a474010abb,0.9869729069056835
ck_749e0e50c3907be8,0.34025259727031987
ck_d1157eade2ac3975,0.5728661641882258
ck_c2dccbc1b24b137b,0.9202077816255857
ck_af02e1817cfa40b5,0.6664697494398044
ck_e9a2495dea8675e2,0.5853839885923814
ck_1df4a1781a0f6999,0.47072723568954983
ck_f85155ca5c312c7b,0.8115705846404564
ck_ff090498c4b17ac3,0.6850886127520881
ck_17673a1c2867888a,0.06866979018129966
ck_cfc2384f22954830,0.5790486860867794
ck_bd2cdd53fca26171,0.7510287227541251
ck_ec1c902b9b9b9c5f,0.850692605418619
ck_317360ec0a67d27e,0.917518842941536
ck_3e3ea5d8c4a229dc,0.894642493379507
ck_546ad962d04b7de4,0.9872886534935833
ck_82f07504ab59ed33,0.6651965777144022
ck_382ebf136f7fa337,0.91509472397637
ck_ed471e496916ee15,0.09211652067630882
ck_0ec820b670d48098,0.08468119779995928
ck_0b20bfc515ba42a2,0.49110816866979023
ck_42341cf31c08c981,0.3752291709105725
ck_42dcf92e9e016922,0.7289672030963537
ck_424c254249a109f0,0.4000305561214097
ck_ba576d6d4cb6130b,0.883082094112854
ck_529fc3170fd11abd,0.6834589529435731
ck_be48f583f79427f7,0.6721939295172132
ck_94fff69584dd3b2a,0.5992768384599715
ck_6babe5b8674ff51f,0.5706253819515177
ck_7e826e233d6ea028,0.2620391118354044
ck_d55eb81a4d543c59,0.5105011203911184
ck_12e2b5ebfe8986b2,0.2771745773069872
ck_206f8e3cd72768f3,0.6523426359747403
ck_a2d7a563f520b7ea,0.29583418211448365
ck_47cad6c3def4c9e4,0.34839071093909146
ck_46bc797b4d07d607,0.21893460990018337
ck_bda299466bb2136e,0.5301181503361174
ck_77fce5f86f00b8f4,0.9228661641882256
ck_25822068c86c856f,0.06207985333061723
ck_9191579254663f5d,0.6256671419841109
ck_311d395fa9b8550a,0.4863923405989
ck_31e7742f160980ef,0.6014666938276635
ck_f3dcd818db92de7b,0.5915665104909351
ck_150a1108f936e6b0,0.3804338969240172
ck_4c37586080edb7fd,0.18488490527602364
ck_6f8ae0319c07cafe,0.029894072112446525
ck_fb2a35571ec719d4,0.914351191688735
ck_e45012f22b7f91d5,0.054746384192299866
ck_70e6bca473bf6902,0.16467712365043796
ck_e7501307c0698e5b,0.5265328987573844
ck_e08e9c8ec5f23d8b,0.3975045834182115
ck_72771757dfb7f7a8,0.3439702587084946
ck_fc418f53ce4aa579,0.9815339172947647
ck_c1ab40638f04cb02,0.34984721939295177
ck_f01be92dc78a2dc7,0.48064778977388467
ck_703703bda38fdcf8,0.5294051741698921
ck_a1c78972e4ee4082,0.7511509472397637
ck_255f0e5888ae9e23,0.7930230189447953
ck_3b66196ccf436c35,0.25168058667753107
ck_75fcda73f0b43557,0.7658586270116113
ck_d3e208671cf37f91,0.9485842330413526
ck_233397a8bd40d38d,0.30711957628844977
ck_01e7960c63dca3a4,0.9848136076594012
ck_d932f98bf6b83956,0.8212976166225301
ck_abbd1465fc730d78,0.16733550621307802
ck_7890208951df34f0,0.6327663475249542
ck_be5bd81e3715cb8f,0.9663475249541659
ck_ead68310311690c8,0.9553880627419027
ck_c2bd5a722aa637d9,0.2677429211652068
ck_197f8058cea1fbea,0.04277856997351803
ck_ab33fb754c818ae3,0.7335709920554084
ck_95fdc264eac72fa0,0.23543491546139744
ck_02adda6e91e49650,0.43266449378692196
ck_c54643d94d3ce355,0.6878692198003666
ck_9aa45c4e03c8c57a,0.7810653900998167
ck_427b91925952cb40,0.7052352821348544
ck_c4ca1434f3778f1d,0.9969647586066409
ck_89a1a780144d808b,0.4623854145447138
ck_8bedacc6233c6269,0.46249745365654926
ck_f4f83b1403ebea46,0.5833367284579344
ck_a1fd0ad03ff9b776,0.8248726828274597
ck_c30201ebd003fdc7,0.3726115298431453
ck_9fe9bdce982b312c,0.6465878997759218
ck_09169f22194fd6aa,0.8417600325931962
ck_976fac1bb3dd8c58,0.8408840904461194
ck_bac5233623b25ca4,0.31163169688327563
ck_9f83fa5a2d3b9049,0.5096761051130576
ck_b2a79dd3df560f14,0.7790079445915665
ck_62b9fb3db284941b,0.35610103890812794
ck_aa075c418ed9fe5a,0.3858932572825423
ck_c6abd5d57b1009d2,0.06991240578529231
ck_0734fd90b2cabd43,0.4701161132613567
ck_bafe82c870356706,0.987461804848238
ck_e35eb857c61548b2,0.9489305357506621
ck_22b587c18363899a,0.27608474231004276
ck_aa295a11b0a6ab36,0.3255856589936851
ck_d839798f9520363e,0.6982583010796497
ck_8049f5fce32be185,0.9423813403951925
ck_e2ab04136a442a98,0.38964147484212674
ck_c9d72140b0389216,0.46297616622530047
ck_f234ab47061ba7c0,0.10194540639641475
ck_31fc51d5a3dfe16a,0.5604705642697088
ck_f517f06551e69507,0.15921776329191284
ck_392cf2cdd515c34d,0.2214911387247912
ck_366616a725afc6bd,0.6254939906294562
ck_e18ac29ea62cb435,0.5655123243023019
ck_170c65860e2a7e23,0.1392442452638012
ck_093e3a7134e11d6b,0.449205540843349
ck_d111c98b36bdb791,0.28016907720513345
ck_1ebd574406235957,0.7158280708902017
ck_65519d0fb137e0c5,0.33182929313505805
ck_ddc3fc99eaba2064,0.7064066001222244
ck_1be8cb95d6d9bbf8,0.11922998574047669
ck_242521e261148fba,0.24113872479119985
ck_110608c3b03d4038,0.9500712976166226
ck_0dd7c5925d28755c,0.1768690160928906
ck_f11be8ce05382cec,0.315889183133021
ck_129ffae92dc01408,0.12365043797107353
ck_b0b9047dddb1ec84,0.9478814422489306
ck_b4954d16b9749829,0.21590955388062744
ck_66a8325f28be7562,0.20341210022407824
ck_e1b1e7a7e4a15b3e,0.37042167447545327
ck_658b4b54be09a4bc,0.9874108779792219
ck_77f8c5042065d506,0.2868506824200448
ck_b003e5b54df65db4,0.4720207781625586
ck_ce81ff9b8b35562f,0.5883479323691179
ck_d27b872648b71202,0.2900590751680587
ck_3acfec10eec32f9c,0.34480545936035856
ck_813e02e1ababd177,0.5521491138724791
ck_ad9a18f58589faa7,0.22295783255245466
ck_62f5cfe22c952694,0.17434304338969242
ck_a46c1773f01f0be7,0.8459054797311061
ck_405b20ef9ad0ba5f,0.8737421063353026
ck_f948e8a8fdd79b4e,0.43280708902016707
ck_81275d9d4c559e6f,0.254471379099613
ck_40e84e6ffe788a4c,0.4049704624159707
ck_17733f75ebdea93e,0.08228763495620289
ck_4a1f0172d3bf4fd3,0.2108270523528214
ck_01ef1036b2e66a4b,0.30582603381544105
ck_084a85145c15ed77,0.23281727439397026
ck_62f46226f244139f,0.8723874516194745
ck_43637d28c7216453,0.09425544917498473
ck_fcdb4fe2f095fba1,0.8511509472397637
ck_9f85fea4490c00cf,0.6248726828274598
ck_83e5979334345622,0.6338358117742922
ck_231ae0329ebc3220,0.18569973518028113
ck_a49a2c1f881a3560,0.5095640660012223
ck_88ab6d245228c38e,0.02786718272560603
ck_b62276c3426d680c,0.6847321246689754
ck_def344d68f06d749,0.6728763495620289
ck_8b19bb5b23b6741c,0.6912100224078224
ck_c009c97d5fafbced,0.8429211652067632
ck_9e298cae167f4693,0.2534833978407008
ck_84d62b8196da2452,0.40352413933591363
ck_6f73cdbf9305e2ea,0.6121307801996334
ck_4c1fdd1669c7cf51,0.0843145243430434
ck_744eade757ba69b5,0.5822367080871869
ck_b0fe4b92fc70f72c,0.04695457323283765
ck_dd1c490050cd9051,0.46863923405989005
ck_17bf38d51115a8f3,0.11172336524750459
ck_166aa980cc87fa77,0.6978814422489306
ck_f17ed7e0fd687742,0.735037685883072
ck_26896c494b2768ef,0.3841311876145855
ck_88ef9f85948e1a01,0.207781625585659
ck_a28d9bb5590d458f,0.80740476675494
ck_8b8b9de339d75d0b,0.6281727439397027
ck_6715139e240007d9,0.33179873701364837
ck_139b54e6ccbdd7da,0.7715013240985944
ck_66e81a4190c33510,0.36471786514565085
ck_4e862c2f48c38aeb,0.15021389284986758
ck_1a3ff7620580a514,0.24625178244041557
ck_f33188c232a03526,0.9133020981870035
ck_348c874eaf0354f4,0.5411896516602159
ck_931510e384b1d0cb,0.49641474842126715
ck_e15252ebd7553422,0.10350376858830719
ck_a3cce46d15cc20a2,0.6681197799959258
ck_0dc1e536231c4860,0.5439091464656753
ck_f92cd37022b0ce21,0.5019657771440212
ck_bb99071e8f58c8a4,0.9593298024037483
ck_06010f0df5b7cef8,0.4732633937665513
ck_ab7cb50407d6b13e,0.7357201059278876
ck_16a06d58d71935bc,0.8437563658586271
ck_68f56f6560a7a933,0.22699124057852926
ck_a019151ca8e7527a,0.5378997759217764
ck_d1b9e5d32d2d789f,0.18096353636178447
ck_615763afc2e17a7f,0.019229985740476678
ck_5eff0208c74ec714,0.5128335709920555
ck_7eebd0e6ad6c070e,0.6902118557751069
ck_cd4c63155570d6ea,0.5372173558769607
ck_c5414d7a8031d4f5,0.1316765125280098
ck_9a88a5a989cb5bc6,0.7534732124668976
ck_541a734fc457246f,0.8040334080260746
ck_861af5a9a9a6d619,0.12489305357506622
ck_2cc1d9b587f6da31,0.8131187614585456
ck_7084ed3cf20781b7,0.7491444286005298
ck_e02f93f51cc8caf3,0.4689753513953962
ck_9a930faade55b8ea,0.22983295986962726
ck_0afa4449f20d5196,0.23725809737217357
ck_4d503c41cf4e5034,0.30197596251782444
ck_6ff0fc7487e737e7,0.9119067019759626
ck_b21d8630387cabce,0.20090649826848644
ck_bfd9bfc5b6ab4a54,0.6957934406192707
ck_629537d8b4d0f395,0.4291912813200245
ck_bfb067986660afe3,0.8293440619270728
ck_c1a31690c8573226,0.4509472397636993
ck_94c9a4d382689e82,0.6373395803625994
ck_397c03aa33a57310,0.8835098798125891
ck_4b4a3c5b95c55b43,0.02514768792014667
ck_40780fc0f8d6f309,0.4926257893664698
ck_72022008a92c9386,0.6953350987981259
ck_0af18b3ce015d294,0.07820330006111226
ck_a481385c2e60dc4a,0.13545528620900388
ck_e49b5e4f2f2e79db,0.9485638622937462
ck_cb88ef3dc1f42225,0.07931350580566307
ck_a4e2607b4c8021e8,0.02631900590751681
ck_8aa8b9968233a1ab,0.18649419433693218
ck_cd32e58e8a1c0e85,0.8170706864941943
ck_69b5620e00ef5dec,0.03683031167243838
ck_0dbefdac0a1868fb,0.07634956202892647
ck_fdda581aec411010,0.14412303931554288
ck_35e411b05d22f663,0.4937359951110206
ck_11662cc7940ffc82,0.754563047463842
ck_4db6d4fd2b49aa81,0.5063251171317987
ck_cd0e76f0e7bb38cc,0.6242208189040539
ck_cf52e46fa54e4540,0.04720920757791811
ck_337b930fd149a696,0.2468221633733958
ck_86a61d9a39768e87,0.6590344265634549
ck_8424bf65223a5a9e,0.14378692198003667
ck_9625a64406ea16e3,0.15140558158484418
ck_ed0cc1b1c28f9511,0.6746078631085761
ck_9158bdbb63ee8987,0.7302301894479528
ck_2f241b97c0f8389e,0.44226930128335706
ck_473d6314ea614b29,0.19367488286820128
ck_7443d6dca8cd1352,0.23371358728865352
ck_c6fbdc5ba68a8466,0.5529130169077205
ck_6cb7c97b72d6b5d3,0.32106335302505606
ck_b43f04431c267dea,0.05648808311265023
ck_77b2fb17c29f5e72,0.4258402933387656
ck_b1c51fdafcd80122,0.552138928498676
ck_819bf3e8231f4081,0.5953045426767163
ck_1dedcb48ac381a1c,0.8775310653900998
ck_888651bfc2c8cf70,0.22354858423304136
ck_af0a6540ea7a36b2,0.20874923609696477
ck_97e980463aca4644,0.24601751884294154
ck_6faf3e6820398866,0.6476064371562437
ck_d0982b4e0e118e4d,0.5065084538602567
ck_3f5e8f3f1df0c8c7,0.7741393359136282
ck_5d8481e2b38bd99d,0.5830311672438379
ck_569b83668d74042d,0.9758810348339784
ck_f8b6069d7577fde6,0.12005500101853739
ck_837cc7fd48453a01,0.3955489916479935
ck_2973b8274f0bf69b,0.6003564880831127
ck_69bd0b1abea7e1f0,0.898462008555714
ck_fa0b234481cb57d3,0.775860664086372
ck_cbeca201dbade3e5,0.4986759014055816
ck_05a00b1dd5a03359,0.20073334691383174
ck_77c0fb524edb4a94,0.34808514972499494
ck_e64f0df63e1be595,0.6924526380118151
ck_5c7ad6e731b69333,0.9296801792625791
ck_b657ae3c146cb7bd,0.24844163780810755
ck_7dbe24ba01316775,0.7491342432267265
ck_0e3f80c1553c591b,0.5727439397025871
ck_3edc45db58760d76,0.20437971073538397
ck_24ff97ad90bdd69a,0.8703809329802406
ck_263f6c5ff26b5e98,0.1632715420655938
ck_437afe412ea4259c,0.8785597881442249
ck_ae8c9163cf957d7e,0.4698818496638827
ck_3f8571d4f7420b2a,0.6583621918924425
ck_e6465c56b337e6c2,0.28086168262375233
ck_7dff6abe4bd644dd,0.922509676105113
ck_27fa694569140345,0.03440619270727236
ck_cdc55623cb16e6a9,0.4180892238745162
ck_b08b3f089138c901,0.636484008963129
ck_79da63fc100830b5,0.5675392136891424
ck_4339f86c87289222,0.9523935628437564
ck_38ea56d43afa5660,0.4432980240374822
ck_33ecaa7b892e73df,0.3738541454471379
ck_dba767885bd6ad69,0.2234059889997963
ck_b109ec4c63503030,0.6534528417192912
ck_a7f522382509cef1,0.14907313098390712
ck_d9143e236eef177f,0.5272458749236097
ck_f790d91e5ff0eccd,0.8875025463434509
ck_064013b0957d87a5,0.9958647382358934
ck_643f549b4ac78a26,0.9176308820533714
ck_a07e7409d6d5aa06,0.4602057445508251
ck_c37f03995f0f0169,0.051089834996944396
ck_8929d2eb09872052,0.755683438582196
ck_27f20337bef5ffe0,0.6977592177632919
ck_7c67b73196e3d0d9,0.6032898757384397
ck_e30db36e376606f7,0.9003564880831127
ck_99b4f266b61ae7ee,0.5127826441230393
ck_4072b59388976896,0.2575982888572011
ck_21c99e1d6b881894,0.03324506009370544
ck_ab2aed614ec1cdf8,0.8237013648400897
ck_a8cac8d480306839,0.1502851904664901
ck_36d37be780c1291c,0.14925646771236506
ck_7b3cc6cc3f250f39,0.47629863515991033
ck_b6673bbe61d2680d,0.3815135465471583
ck_c251898b5d51e3b0,0.5737624770829091
ck_69105f881da3c821,0.6963841922998575
ck_adfb8472d5c3d669,0.8240374821755959
ck_4a24ad61d017e1ba,0.62189855367692
ck_15ccbf8ff7d14086,0.24795273986555305
ck_c4bcc7cefd40f8e2,0.07195966591973926
ck_8d5eda29a2cffa3c,0.4647076797718477
ck_df65967b8b40319c,0.16877164391933186
ck_329f7de7279e74c5,0.3379507027907924
ck_d5b8e74e7ca6355a,0.5184355265838256
ck_faab769cce19879a,0.7840700753717662
ck_9b552204498b6762,0.5713383581177429
ck_c7dd84401e29a7fc,0.5440415563251172
ck_14436a409ebcc90f,0.3775921776329192
ck_f09165d73ee903b1,0.31996333265430843
ck_3dd542c2d31be2c0,0.5651150947239764
ck_8afc1112c12f5402,0.26828274597677737
ck_4682fad271d47eb0,0.9779181095946221
ck_9bf0d28119fc42c8,0.7127419026278266
ck_4610a073bb54d1b1,0.7643715624363415
ck_f781539b1042dc83,0.23315339172947647
ck_3199b471575aeb3a,0.1701059278875535
ck_51d3e8dd7465c015,0.1709920554084335
ck_bcfb7ffb7cd428bd,0.3900896312894684
ck_8563fed6674afc77,0.25336117335506214
ck_89c8b06aa8c84b2d,0.7238847015685476
ck_9a2fcccb82da663e,0.4961499287023834
ck_e7a3cfb9bf908e80,0.5844367488286821
ck_d99a8b4c820eb46b,0.20001018537380325
ck_ae2ab6be219219aa,0.10905479731106131
ck_a0dab7aa9c4a39a9,0.17156243634141372
ck_604e1b8a8c693aa7,0.40506213078019965
ck_17c4296276448afe,0.20916683642289674
ck_9e9a830785112a73,0.727072723568955
ck_2bb49dc2388cdc1e,0.17551436137706256
ck_bb303568b6915205,0.8842126706050113
ck_ab1bb02f6b189304,0.9240476675493992
ck_2675e7a008e584a7,0.7723263393766552
ck_9880410fcd10a28e,0.23534324709716847
ck_e73caa3771ec5e0f,0.19951110205744552
ck_74928f5f91aa12b2,0.8398757384396007
ck_eaebaf4d28400fb8,0.6100937054389897
ck_ec5ea81cf813597c,0.232664493786922
ck_423ff4ede6a9f066,0.5177938480342229
ck_205c107cec528414,0.9600224078223671
ck_1df66f537496ca59,0.7292218374414341
ck_3646515079e6be55,0.30775106946424935
ck_b2c896beec146477,0.6291097983295988
ck_d80283209c963f11,0.48795070279079245
ck_c4524993ec31dbe5,0.10907516805866777
ck_9f7807ed64cdb728,0.8091770217967
ck_8550f229b5eb03ab,0.15407414952128745
ck_4199342d3aca74e8,0.7949786107150133
ck_3135c019696ee6af,0.9546649012018742
ck_5d01200ba3341462,0.24753513953962114
ck_a54dc042ebb7c766,0.9199429619067021
ck_ca5b1057f8248f73,0.6442350784273783
ck_1f7ee7b23fc6f2f4,0.18070890201670403
ck_92d782bd9ce0d1e3,0.41152984314524343
ck_7b35d218ed0c5a60,0.21554288042371156
ck_eccfd552aa652d3c,0.3755143613770625
ck_9b6ee35e8cd0b11c,0.29742310042778575
ck_d838491d3d4f5ecf,0.04839071093909146
ck_3a34c3ac83cf84b3,0.16457526991240579
ck_c08f622bcd6de6e7,0.6742717457730699
ck_2d634e3f24681c0f,0.5849052760236302
ck_956b5af6d7d86c65,0.9657669586473824
ck_9332bbc7125219a7,0.24657771440211856
ck_8007824431fa803b,0.2019657771440212
ck_54b087bd873af8b8,0.32507639030352414
ck_e70418b00cbbbac9,0.5673151354654717
ck_500948a8d4bd8e13,0.5776329191281321
ck_48e84b0cb0b90fa7,0.3987268282745977
ck_1917ef3e6e345549,0.81952536158077
ck_5c33bb46c1a5945b,0.5710939091464657
ck_b51a58e7f032c9a8,0.6041352617641068
ck_188fdf2be7c92e9d,0.9955897331432064
ck_4a103f8254b366f7,0.29596659197392544
ck_4388abce33ecd01b,0.8962415970666124
ck_321e740066fb05c3,0.9078631085760847
ck_c93def7392f0aff5,0.8379201466693829
ck_8582490d6e365a63,0.554328783866368
ck_bfa17a0b1760e616,0.10404359339987777
ck_65a23ac8e44eb901,0.17765328987573845
ck_bcc9cbc9ed8b7c31,0.45282134854349154
ck_6426427efe3228af,0.5927378284783051
ck_eb264d1b180d4b4c,0.7920655938072927
ck_b7af9b2ee0eebbc6,0.6885618252189856
ck_79557434c129ba52,0.24635363617844777
ck_073da541ec3f9d3d,0.5711652067630882
ck_96dff7a09d45f116,0.6583418211448361
ck_8ec86e853ad52828,0.7349460175188429
ck_64f5fba6af67e024,0.7060908535343247
ck_e0fb11fc9dcb34e6,0.363790996129558
ck_361f535599110201,0.36027704216744755
ck_34b0988a97d96902,0.4845386025667142
ck_337c5684510cf432,0.6841719291097983
ck_258d661e450ac870,0.8299755551028724
ck_6b55ec4e87a5e22c,0.9276125483805255
ck_638df9e8a22dfe0b,0.2295783255245468
ck_e36c8da1bd359960,0.8307700142595233
ck_73188a826b5f499f,0.1593603585251579
ck_286bfd719836e9f3,0.8955286209003872
ck_a209a5f7d172125e,0.6967304950091668
ck_fd0483639811f62e,0.8914850275005093
ck_0d16d9349e4a9e08,0.34822774495824005
ck_fcf5d4a4748cdd53,0.5187920146669383
ck_61e1f7168cd9ff25,0.6943267467916072
ck_b7f4baa2cc82fe61,0.18711550213892852
ck_437f9ecd2016a1a8,0.18412100224078226
ck_04219a7ea798db51,0.7863210429822776
ck_644b1c1149eea9e0,0.6632817274393971
ck_bfc82b3c1c9f2897,0.9501120391118354
ck_9cf44eb0237c2429,0.2845997148095335
ck_2106e509d77fdb4a,0.946078631085761
ck_49a0efb5d4067b6f,0.7872071705031575
ck_82f360df1e9f4eb8,0.7843450804644531
ck_9986c7d781ac6b4e,0.2874108779792218
ck_c8413898f5f7cb7d,0.8538195151762069
ck_b3fb83f0d772a831,0.33625993073945815
ck_a2299b4f530be0d6,0.9040334080260746
ck_fce0b6855886a0b8,0.6176919942961907
ck_162513e73782929f,0.547810144632308
ck_3e9e3bba8bd363af,0.27579955184355265
ck_88cd35378075c84f,0.13228763495620288
ck_20541686a94fb71c,0.5416989203503768
ck_fa80da579ea9afc0,0.3872173558769607
ck_7916e53daab36745,0.8356386229374618
ck_121db7ba3be29ee8,0.5250254634345081
ck_01e5986ebb9a78f1,0.6054288042371155
ck_6c26c12071c91ff6,0.10876960684457121
ck_0e6e05c3cc8c8242,0.5342635974740273
ck_7738eb085e5753d6,0.6015379914442861
ck_2bf10be403849c9a,0.26744754532491344
ck_3e6f35e4500d2f2a,0.288022000407415
ck_7a9f241d5f082567,0.17750050926869018
ck_247589ff532f7aa8,0.4371053167651253
ck_d1c787c27d50af49,0.582430230189448
ck_49c98bebd1338879,0.05337135872886535
ck_9afc3bb849f3a64d,0.3760440008148299
ck_1d40e4fc541abe93,0.8767569769810553
ck_4fd9dc00e1913587,0.9866062334487676
ck_c19371047a2d011d,0.0877164391933184
ck_7d9f73dc7c4f90c3,0.8596659197392544
ck_8c84fcde93a04334,0.9382155225096762
ck_e09c97520eb0533c,0.32179669993888776
ck_a1e13c0d58560340,0.005377877368099409
ck_cacc2ca410cbe80b,0.5588001629659809
ck_dad5cf32ab9f243f,0.421480953350988
ck_b2cb9e6610eca967,0.2554593603585252
ck_1da2f69023ca4c13,0.10552047260134446
ck_25122cc0e8b1a662,0.7254125076390303
ck_dfee9de05e3971cf,0.19179058871460583
ck_ca54b32fca7e94cd,0.19470360562232636
ck_384ccecd342a24ad,0.10445100835200652
ck_6abf8302ce052451,0.6680790385007129
ck_6ffa90143838a4a2,0.1957730698716643
ck_34f9951b0eca1965,0.8151558362191893
ck_9385f5a1eeebefcd,0.7578121817070687
ck_3df8da6f60a89a5b,0.5952332450600937
ck_08ff5bd467226a5f,0.09677123650437972
ck_6eceeafd56b42576,0.5458443674882868
ck_f744e208183971f8,0.06766143817478101
ck_7b45ed23304a854b,0.3511305764921573
ck_f88c79186a082beb,0.7640558158484417
ck_b78d785ca3ef773a,0.2527806070482787
ck_67207e3eecc02d76,0.3934202485231208
ck_7aa8bc018c2b003b,0.08016907720513344
ck_676fa5f6aae5475b,0.4257384396007334
ck_73c18e03e3c7612e,0.15916683642289672
ck_d91d9f8445b9769a,0.9446628641271135
ck_f6a4a7ed27fe76fc,0.8015481768180893
ck_8742114f4f0cb22c,0.8229985740476676
ck_5c82444b3b9160ae,0.5334385821959666
ck_2acb54ca20c3af6c,0.6438989610918722
ck_15b93103ccd38609,0.4131595029537584
ck_16541fc15683e21c,0.3579853330617234
ck_039e6d5a330cea1a,0.7978407007537177
ck_d8116c34302021d7,0.0743939702587085
ck_e03a9d8ac94161d5,0.18724791199837032
ck_eeb854318b3a6f0a,0.2393562843756366
ck_e9f228845bf6e28b,0.7742717457730699
ck_203c2a22c0c165ac,0.4314931757995518
ck_5b59e859bed5b40e,0.5758504787125688
ck_7b61717f172f9317,0.9665206763088207
ck_114722e12db90a73,0.47129761662253
ck_ccc7916b56d42195,0.5279894072112447
ck_2dd147ce6d61749f,0.5804848237930333
ck_9ede51c8434cff6e,0.5822265227133836
ck_88a8b1d442ca3686,0.6138928498675902
ck_36d2be9012f7909e,0.7509268690160928
ck_495d814d6d6d521e,0.14930739458138115
ck_6f5bb0c930644cae,0.9973314320635568
ck_79749eca42ff1f5f,0.4638521083723772
ck_cebb8aa8c8f62c60,0.15009166836422896
ck_349cc5edda1b8853,0.7732226522713384
ck_85df7b7de9700aba,0.12657364025259726
ck_e0983999ca26c19e,0.7904155632511713
ck_d879d645d6e44207,0.36671419841108166
ck_a6c02ae50932cd9d,0.1552047260134447
ck_50176dae5b1b716d,0.3155123243023019
ck_d6880578428b965e,0.8477694031370953
ck_f51fe59cd445d2cb,0.35162965980851496
ck_8440ef1386c07194,0.22676716235485844
ck_28cb9b03e89263f1,0.14266653086168263
ck_5ccc1a1c78cb33ee,0.765420655938073
ck_e04166b0ce66393a,0.377632919128132
ck_72ff52c4824072ce,0.7274393970258709
ck_11f85bc705dbe036,0.5944184151558363
ck_89f3e380b0686963,0.30398248115705845
ck_26df74feac7ec51d,0.5618557751069464
ck_a9812ff3c111ea94,0.5031167243837849
ck_bf6fb7e6470e95cb,0.0342635974740273
ck_cee4e4e1b62bf82f,0.45183336728457935
ck_7c560467daca735f,0.01319005907516806
ck_f72a5a3b0d6c1177,0.10355469545732329
ck_5fc90b4668ea81bf,0.6253208392748014
ck_c2a5c54ad8d0d297,0.7665206763088206
ck_7508aa554fae6afb,0.7582399674068039
ck_003aa842b7ca1d77,0.9199225911590956
ck_573feefba6bf78bb,0.7532287634956203
ck_83b2b192f41ee2bc,0.876186596048075
ck_64796b6b2c3c7f06,0.5140354451008352
ck_5fd8924732fe403e,0.9202485231207986
ck_1d96d7fd65f208b2,0.6417294764717865
ck_9d00823bf60388d7,0.38980444082297827
ck_0ee6965e68efc177,0.5052047260134447
ck_337e98c69f6e7886,0.3908535343247097
ck_b8e8dba20676d87b,0.37624770829089427
ck_f8ac3a0500c0ec62,0.5769606844571196
ck_577c816b41cab002,0.9566306783458953
ck_05c97fc9de11aba6,0.9185271949480547
ck_c82364d87875a1a1,0.5375636585862702
ck_e43e53cc7b8b8e41,0.5739559991851702
ck_d07c5b0321c685ea,0.871338358117743
ck_16077ac345472e6a,0.5154817681808923
ck_e07fd57565c94c28,0.8313200244448972
ck_a4d6e152b0076964,0.19408229782033
ck_9929723f65636c7f,0.974088409044612
ck_d90b1d03ae151f62,0.636575677327358
ck_a553418f2fba1440,0.4631595029537584
ck_105b0c93573fd5b7,0.9302913016907721
ck_2a01e610348b84f8,0.6765125280097779
ck_df1585c7d72a96e0,0.06191688734976575
ck_df520a7a6e405889,0.7595131391322062
ck_2d9524787cfe1ab3,0.941566510490935
ck_7f15b50b29dead01,0.5405276023630068
ck_fcb2a559474c3493,0.43557751069464257
ck_e5ca550b39ed45bf,0.9315135465471582
ck_d2ca47180a926ba2,0.4421878182929314
ck_0a93ed76bf36c8b6,0.6152271338358118
ck_406c4442dee45cd1,0.09026278264412305
ck_56de216eda6b7fa6,0.016296598085149726
ck_3d56b477fe2370b6,0.7218476268079039
ck_edfe8e90e8f4366e,0.5231717254023224
ck_2096d32f3d497ea1,0.8701772255041761
ck_c18245be844680f3,0.5577103279690365
ck_0253b3e7be021306,0.2785088612752088
ck_fa5ba9ed9ed6a343,0.7870340191485028
ck_c9c99e5b19aeced8,0.07750050926869018
ck_14b4bf7be6ac2b61,0.6118455897331432
ck_b7df99aecef385e6,0.7904257486249746
ck_17ab3068fa303682,0.17359951110205746
ck_592a3520d841d11b,0.46074556936239563
ck_094974d75e29fb2f,0.8692707272356897
ck_6cfa71d27fc27f92,0.2972193929517213
ck_f2ddae2eb1cb29b4,0.3524444897127724
ck_1757fcb0e6e3f88e,0.9247097168466083
ck_7afefa349b960a3e,0.4585964554899165
ck_487f7fbc290e4ae2,0.32660419637400695
ck_28dc0de0ae291f37,0.6548686086779385
ck_2c2f080ba185016e,0.6016092890609086
ck_f4a2bb10afa85743,0.46509472397637
ck_9ad08fcc183ea1e7,0.12268282745976777
ck_d08e00c842b75176,0.2830006111224282
ck_a3be871ca22ac416,0.3523833774699532
ck_ab70961e7c6695b2,0.33601548176818086
ck_c6200734c7f9b2f9,0.9871256875127317
ck_d0f470f8078c91df,0.20557139947036057
ck_11c7a58e09e6547b,0.6748523120798534
ck_2e0eedaaf2980c2c,0.5023935628437564
ck_0e2bc3a5afa439d8,0.7038704420452231
ck_c416357d20238a4e,0.5500712976166225
ck_f0c44ee5e3a42e3d,0.60680382970055
ck_8342e08cc2f9bcb7,0.32989407211244653
ck_93c0cb3dac4891fe,0.32599307394581384
ck_5c5284c45d9ad8bf,0.6640354451008352
ck_3954b7b0fd1d6614,0.015532695049908334
ck_eb1ddfc353b4da83,0.31805866775310654
ck_ae668e4564cd2aa1,0.12464860460378896
ck_d89abbab3d4957aa,0.2499490731309839
ck_364f8203a3e98d36,0.9494194336932166
ck_004fe0daecbe2c1a,0.6841006314931759
ck_a31a64a39a2c4941,0.1371562436341414
ck_c49f25dfb39909cf,0.797667549399063
ck_4ab74a6e7450416c,0.14399062945610105
ck_55f50a9ae2db8ff7,0.21344469342024852
ck_7a86ef4e2beaec38,0.29207577918109595
ck_f67ee7910d532216,0.5480240374821757
ck_21860dd2159dff28,0.059971480953350996
ck_63560eec94b76d2f,0.42007537176614385
ck_dd78cb6ae2866cc6,0.8013139132206153
ck_c1f4509c8f5dac5c,0.30012222448563863
ck_b921af37d500e139,0.48763495620289266
ck_e23e50e02cb3904d,0.8046241597066612
ck_80c4e9274cf976b6,0.9946730495009167
ck_4c352dd3e7c81269,0.635037685883072
ck_1cb6dc67f9a321b5,0.7975045834182115
ck_497ed60723283c0b,0.5584233041352618
ck_db23a5100f338d72,0.31165206763088205
ck_57658eda1c59bc52,0.11820126298635161
ck_94410eedfca91304,0.5282949684253413
ck_eee99af3598311b8,0.7808209411285395
ck_832341c98254bd84,0.3786412711346506
ck_094d10439b7b4eac,0.30081482990425745
ck_2493ee8e7b91d304,0.801303727846812
ck_254a7c97c36dab8d,0.8015074353228764
ck_f268416945316815,0.3369729069056835
ck_59e77e3a81f1fa0d,0.5134345080464453
ck_614ef655f0685060,0.7631493175799552
ck_04d2ea38ee27770f,0.027011611326135672
ck_b89c6fa2ad0a12f5,0.3286616418822571
ck_1805fcfc4a9e4ffa,0.955255652882461
ck_3f5ae4673a9f858e,0.38884701568547564
ck_ba88a244d5f7380f,0.41340395192503565
ck_fc832b0c90c9bdb9,0.9546037889590548
ck_7109923fd7dab20a,0.5870340191485027
ck_a97b481ade6f7972,0.7243430433896925
ck_f56200205280bddf,0.7348237930332043
ck_754f30ea19df857c,0.7526583825626401
ck_59fd11b3232de9dc,0.9661743735995112
ck_7519260415c2998e,0.8085149724994907
ck_b7f5acf5df1bb13e,0.5392340598899981
ck_46656a23f4456d22,0.9464656752902832
ck_994316fa5a02b319,0.11529843145243432
ck_ccccb17d2ca6ce94,0.7803320431859849
ck_269f1746f2609ed4,0.4122122631900591
ck_3521243bdac61178,0.32415970666123445
ck_cf920313f6dd28fa,0.7695864738235894
ck_75d2a2715259c4d7,0.6980342228559788
ck_616cc31910f5de50,0.28670808718679974
ck_31e70f2f04b48b88,0.01576695864738236
ck_76ee10d6e2dba70f,0.8589529435730292
ck_05b2b04e11d9ae9c,0.5715726217152169
ck_8089fe7403c5f537,0.4755449174984722
ck_3209c530c9812e39,0.37848849052760236
ck_fbf7351958ad9615,0.2905072316154003
ck_0adcb1fffcb0a34b,0.5880729272764311
ck_8f6ca5d3b17eac6e,0.13011815033611734
ck_77a40c7d2f862a32,0.7069158688123854
ck_73de0b49709e5f8c,0.26998370340191485
ck_e3982142336782df,0.4650336117335507
ck_c6a7bbd0adc4d5f3,0.6747097168466083
ck_fb04ecbaebb774bd,0.47990425748624976
ck_de7259c3741db179,0.43372377266245676
ck_b6f2a2fd232c141b,0.587828478305154
ck_91fa5032f7aff0f1,0.8485740476675494
ck_c5f8ab515840a0fe,0.588908127928295
ck_b0f8f5408662337b,0.26011407618659604
ck_eb4f4267e24d042c,0.3159401100020371
ck_8cd1b68dd74b1375,0.8836422896720311
ck_3398551e81dbf3db,0.7335302505601956
ck_9a881d5433126ada,0.19962314116928093
ck_9fd0be2c018ff5e4,0.4136076594011
ck_364cde38958b7af3,0.9024852312079854
ck_8c95aeec6a4c75b0,0.12207170503157466
ck_2595669e421299f6,0.7271847626807904
ck_1402d24dd623df72,0.2581177429211652
ck_5c2d43ff841632f9,0.39956202892646164
ck_791d5392bbd80447,0.7344061927072724
ck_f6e9d14dfb6f3c28,0.6939193318394785
ck_18df83242ff3cdbb,0.9029232022815237
ck_c363d3b050baf3b8,0.566683642289672
ck_f8540cf3a8b2f8c9,0.6848594418415157
ck_dbc487cb0a6c18da,0.9643817478101446
ck_98831b57c7ca2e4f,0.02099205540843349
ck_a6c7b8d6e8596d4f,0.5866469749439804
ck_13f2560c6a1ec62f,0.7636178447749034
ck_6c48c58678f64bae,0.016877164391933184
ck_e0346d5081e640e8,0.6304135261764107
ck_0c9e420f97baaa06,0.9710531676512528
ck_da06d97db0b18851,0.041678549602770426
ck_6e4f31bd108571f0,0.029843145243430434
ck_120e995d50956bee,0.7885618252189855
ck_cbe525da0b69f18a,0.8183540435933999
ck_b62f3e3185251f71,0.007812181707068649
ck_1747fcc466f0ae38,0.058912202077816264
ck_c6afa913168ce8fa,0.30859645548991654
ck_e12a9f7d027e3387,0.16408637196985132
ck_ddf787359d2b5deb,0.0266449378692198
ck_e1140be6157bacbe,0.1075066204929721
ck_47d3e8d1dd3fbcef,0.7964962314116929
ck_f90293f1eba5d7b6,0.7484416378081076
ck_2f6e64f638da0f97,0.3388775718068853
ck_25dd0b02af5b2f37,0.7831533917294765
ck_a2637e4872cf4811,0.917712365043797
ck_2ae44938847f3852,0.6751476879201468
ck_8347455ab53ff620,0.16980036667345694
ck_7aa2deeda0e57412,0.9774088409044612
ck_f9c4f8b4ce2691f0,0.6690364636382156
ck_e5f7b99ba6ec5767,0.3904970462415971
ck_59371c9140239fd7,0.5250560195559177
ck_3380d60067b4634b,0.18136076594011
ck_27466468d06db4eb,0.7374821755958444
ck_16d2d27fadeeacf7,0.343613770625382
ck_0d5c0736ec76385a,0.026094927683845998
ck_8053f1879a9b4e43,0.1661743735995111
ck_ecf9794349eb4b3b,0.6193216541047057
ck_913ecdeeb8e21a9c,0.3963128946832349
ck_687eab3ffe1f8cfa,0.8295172132817275
ck_e4459115cd8e5e4f,0.6585862701161134
ck_1964ee9db929a173,0.9820635567325321
ck_77fdac602d0c6f95,0.8276838459971482
ck_1a28b6a40a6bd3b4,0.8256060297412915
ck_bf285dd49f372de4,0.4359034426563455
ck_eb6baff0f85ba936,0.6380627419026279
ck_a9bf75bea912027b,0.7258708494601753
ck_bb4aec09d4968dda,0.8711448360154819
ck_48011996d54855ac,0.9363006722346711
ck_a1b4c96faed3e0db,0.6724180077408841
ck_8cb20053914692d0,0.7704827867182726
ck_5f52728d777ff2c5,0.5208698309227949
ck_d66f42a269d5c1ed,0.44480545936035853
ck_244b897bb4d57c1f,0.44083316357710334
ck_4eadbe7298b15e96,0.5028620900387044
ck_179039559ff7566c,0.6557954776940313
ck_a60fe02fc04407a9,0.7268995722143003
ck_baa47383ffd50f04,0.26872071705031575
ck_3b1766a1d51f8f0e,0.9355163984518232
ck_abc54ed7111e9ed1,0.1688123854145447
ck_2a46b7ca55239413,0.6414646567529028
ck_4ef9de711c3d93b1,0.575493990629456
ck_ff822700f3605e06,0.978284783051538
ck_783fe5bc20cd02db,0.75503157465879
ck_ac9d3d9754104cf0,0.17969036463638216
ck_9800c21dfbd8e811,0.30007129761662255
ck_454b9e21b7f25a4c,0.06437156243634141
ck_17946516d5df71d7,0.5091872071705033
ck_b7e7f7d0cd886412,0.6805051945406396
ck_9eb5b3f5f672c2b1,0.3230698716642901
ck_089e3a07abbe3b8f,0.23949887960888167
ck_6a28ea6ce69cb869,0.8030454267671624
ck_3be854e42e76569a,0.567192910979833
ck_d3e2c26b8adff099,0.4369627215318802
ck_47de038381a9cd65,0.6248624974536565
ck_e26a6659c237b650,0.64585455286209
ck_7cf301d075e4e709,0.6870849460175189
ck_c56a44fe315c0389,0.31256875127317174
ck_0e70516fa07cfb17,0.9833367284579344
ck_d38f941d09eec820,0.7260032593196171
ck_d6a290ff8362c7b9,0.8460277042167448
ck_cda72f597330d0f3,0.1382664493786922
ck_7c4f12d70f184533,0.19383784884905278
ck_bccbf9fef367f00f,0.5602363006722346
ck_710f867a3bd5898c,0.08583214503972297
ck_be05447853d423a9,0.017304950091668367
ck_0414507baeea936a,0.5332348747199023
ck_60796eb60fc3043e,0.288908127928295
ck_d0b32e039abb8200,0.25269912405785294
ck_9060f4e7ab7a1b0c,0.3155428804237116
ck_1e0841ed17fe0562,0.7138317376247709
ck_d523f0e50a2747ad,0.1342534121002241
ck_e322da8b213eab52,0.1534426563454879
ck_54b0b070689c50d6,0.05182318191077613
ck_e7dce27edb700f27,0.44316561417804035
ck_79e45040dbdd6447,0.636066408637197
ck_259eb102342057ea,0.5341210022407823
ck_cd92852d7376a4a8,0.050254634345080464
ck_a705c61bd679496f,0.35094723976369935
ck_4bfeb78b47b7c6a1,0.846323080057038
ck_f7112818a6d81422,0.8530352413933593
ck_c2504f5a113433ee,0.15398248115705848
ck_9915ceedf63a5289,0.8743328580158892
ck_bccff46fb0868454,0.9065288246078631
ck_db8733fd92f20cd7,0.3708902016704013
ck_8f3ccbd20d59f1f4,0.2988490527602363
ck_f77dfe6512eae322,0.5402933387655328
ck_957fb25437c75e41,0.8082094112853943
ck_46225858a38b2e57,0.31837441434100633
ck_f637fabf0f60528f,0.6158484416378082
ck_e6a6caf6e7de17c2,0.4589020167040131
ck_f7bc569b37e8bdda,0.3082705235282135
ck_e739eaaa7a1822f2,0.7393053575066206
ck_8409716d174635b6,0.6390507231615401
ck_04e40f556a5062ef,0.32018741087797925
ck_fa3b1e85d27af2ee,0.6983295986962722
ck_703b375dd86a6124,0.6383886738643308
ck_63ce4f44c92d7143,0.8145243430433897
ck_0d641d32658d6e0f,0.31319005907516806
ck_6a2c4edd82e10969,0.16564473416174375
ck_4c5ff58afe3d7a67,0.2296699938887757
ck_6b114f2a48152b96,0.027368099409248323
ck_e842fb0cf055a83b,0.8361580770014261
ck_53d17ab97de1ac3e,0.2362904868608678
ck_8bb9e75393954a1f,0.2073436545121206
ck_07cb2b6f2a4303e1,0.7266856793644327
ck_31631e2028d4f855,0.44580362599307394
ck_4bca22b5926b9c28,0.20523528213485437
ck_1631bab0ba1256db,0.6121511509472398
ck_41d91dc9f5063566,0.6265634548787942
ck_cd78f0832a09bd8f,0.9358015889183133
ck_d5194f2e92fd6427,0.42234671012426156
ck_e25f70d0b7229420,0.4141882257078835
ck_1496568ddc3b2d56,0.8862701161132615
ck_53a6a33060d5c8b8,0.31954573232837646
ck_1dbf1f15193197db,0.7362293746180485
ck_5c85d93ecfed4b0e,0.40392136891423913
ck_2b359a979520276e,0.11384192299857404
ck_1c93cc58f314bf71,0.7084538602566715
ck_9341c7959543c542,0.07402729680179264
ck_1da9d40837ebaa57,0.6476675493990629
ck_265accb3c5c32620,0.8341922998574047
ck_ec4e597f17f473c6,0.1480138521083724
ck_612089ec90c37219,0.34326746791607254
ck_c6bf67470f526771,0.34134243226726424
ck_6eda4c36aecad602,0.21240578529232024
ck_e62eb708d2688fae,0.4582195966591974
ck_e21a900556b382ad,0.4230902424118965
ck_fa3a766e49dc77ae,0.2620391118354044
ck_18a55b06ccccd88b,0.7687920146669383
ck_6ba091eb42ffa9fb,0.813098390710939
ck_7b8cb0f90fbdc8c6,0.4290690568343859
ck_228a583f23abff48,0.33172743939702587
ck_a3ce05e9e5e32142,0.36493175799551847
ck_fb4797045077bc6d,0.14503972295783257
ck_5fdafeaec036f016,0.46625585658993685
ck_e9e8cacd2fa35e79,0.8469138317376248
ck_ff182f033134dbb8,0.5975453249134244
ck_0cbd3b27063d4415,0.7703503768588308
ck_81709736281fa3eb,0.09085353432470972
ck_b0a0fb0ee9ebf106,0.3045324913424323
ck_2faf7ecccc9fec58,0.027480138521083726
ck_d251e9fa09e542dd,0.9972397636993278
ck_32f590e87bc3d715,0.09454063964147484
ck_20de8abfd8960ee3,0.4747402729680179
ck_a60e6edc48e3d0ac,0.9146873090242412
ck_905e460591d9a278,0.6517722550417601
ck_2ca83dbd728af019,0.15732328376451415
ck_7061786fe2f22f5a,0.7662558565899369
ck_821446adc95e6da5,0.33231819107761257
ck_b1182471d9ac6b26,0.24029333876553272
ck_59d380a0973b3951,0.3951721328172744
ck_f7fbc95ebf584379,0.20708902016704012
ck_8e9faf94e3e6c757,0.15365654919535549
ck_d9ba2a6c0d926b4d,0.06055204726013445
ck_4d3aa36ff83f1132,0.920217966999389
ck_db906debc36a5d1e,0.613790996129558
ck_329a73dbd585ee09,0.23975351395396213
ck_f6aea576cde8d592,0.07549399062945611
ck_c40ffefe4e30b001,0.7625687512731717
ck_501dcf1ead036d2b,0.5415461397433285
ck_8247b79ac67aae7d,0.6128335709920555
ck_e48d14d5b70ef5aa,0.8009981666327155
ck_f3ab5dd853d38252,0.753768588307191
ck_1a0aac7f7b94b1be,0.8664697494398046
ck_d4c8f0d957c3965d,0.49220818904053776
ck_9e3896c2668ce06b,0.620645752699124
ck_227602ad072b838b,0.07223467101242616
ck_9aa899a5230b0963,0.7398553676919943
ck_344b2e326a6c3dcc,0.26461601140761865
ck_baf43bf1bd963f9f,0.652841719291098
ck_e6c584b4b1ad6d9d,0.25232226522713386
ck_ab9f0e08af030060,0.4579751476879202
ck_5ad798286384484e,0.34844163780810755
ck_ae7780327e210522,0.7157364025259727
ck_185f15b1523bbcf4,0.26896516602159304
ck_bf378ea558a4125f,0.9520574455082502
ck_1325000bc7f35b5e,0.11622530046852719
ck_98e1992ac8e7d2de,0.6886840497046243
ck_71fd8c346fde5cca,0.7909655734365453
ck_47a884dec960ff2d,0.41149928702383376
ck_2dcbb71e39d64305,0.43097372173558773
ck_d546994fc5d3e9d1,0.4044917498472195
ck_c2c7d1e45a521857,0.6800468527194948
ck_d72035cb29db3aa4,0.5710939091464657
ck_a0498755cd8d7188,0.03787940517416989
ck_a9aa389688ee5aea,0.3960277042167448
ck_ff24776280ceeeed,0.41044000814829906
ck_124432fd5c92af7e,0.9668771643919332
ck_b27a9e39726b26d9,0.1672540232226523
ck_c4a72c09f2fdacc4,0.34909350173151354
ck_bf47375e41ca3bc0,0.12021796699938889
ck_4c518637db2322d5,0.9278671827256061
ck_9e7278fc7679f002,0.7017009574251375
ck_b9facd2210daca5c,0.845151762069668
ck_1c607e24f2c4397a,0.7132409859441842
ck_b1e81b58b9a545ce,0.6992564677123652
ck_9d5049e195eda029,0.42517824404155635
ck_29076a13f539187a,0.9379405174169893
ck_00013fdfa0bd37dd,0.232664493786922
ck_b6675a04df1a4276,0.09214707679771848
ck_52427b3f8478db19,0.4984110816866979
ck_3b810f15ca0eaa55,0.3247810144632308
ck_0f6d916c92189516,0.5365349358321452
ck_b3dd1198ac5aea73,0.46974943980444084
ck_9776cd8263a9f415,0.27469953147280507
ck_7d51c86e0eec72ac,0.5433896924017112
ck_bc2e771a1d8d2dee,0.8267671623548585
ck_c10e54c9db29e6ef,0.988072927276431
ck_7184ad7709ae4c80,0.3878794051741699
ck_e55f5ca37f30ce8c,0.36561417804033414
ck_fcfe06e44d09a344,0.6418211448360156
ck_ab3426435b0017d6,0.8893460990018335
ck_c383aeabd53e9c89,0.5668567936443267
ck_71bc01291e0533a0,0.557964962314117
ck_8220da627e9992a5,0.18649419433693218
ck_91d417507a8c58cb,0.9234263597474028
ck_79d6793d1d0cf43c,0.03911183540435934
ck_8d84d771a21942a7,0.014096557343654512
ck_b046a42684468e63,0.33257282542269306
ck_1058129ed7b48c59,0.32897738847015684
ck_962e65ab33b5c311,0.9779995925850479
ck_3ded7a8720d7e311,0.27701161132613566
ck_9da82e567074da9d,0.5852617641067428
ck_7b1319a5ca2f63c6,0.9870340191485028
ck_2cfb9a7775e8a5bc,0.9831228356080669
ck_6846100e43659bf3,0.0917192910979833
ck_c72a7d0d03cf3e17,0.8424424526380119
ck_fb00aae4e17740c5,0.24959258504787127
ck_2770b0400a7bef08,0.8267569769810552
ck_b36086ae6d87eec1,0.23680994092483196
ck_ea2a83ccb8d57490,0.14837034019148504
ck_4be03a2aa62b93c7,0.04435730291301691
ck_2786cbc3e75ec034,0.8997861071501325
ck_ae1da8ee98e402a4,0.43617844774903247
ck_b5e54e22e3d6960a,0.22320228152373195
ck_3d139692c51b604a,0.7511815033611734
ck_718a8390b3d42d7d,0.7620798533306172
ck_62081bc35aa59931,0.21876145854552864
ck_7c7266f6ef2a8466,0.6058260338154411
ck_885cf685a9541190,0.9239254430637605
ck_2857a4ce9f72fbfa,0.1492870238337747
ck_0ffdff7b2f5fdfe4,0.5531982073742107
ck_01a750db6fc1168a,0.9154512120594827
ck_7eb4f33260f1dcd4,0.23198207374210633
ck_260ef2f3e6434819,0.7533815441026686
ck_544a9e80b7fdc279,0.14808514972499492
ck_97d4bd922996fa10,0.32277449582399675
ck_795c49f312640019,0.02392544306376044
ck_0f8cb09d3f4fc980,0.8709003870442045
ck_69eb0b2ccfbe5f95,0.47935424730087595
ck_44950df09ff14ded,0.04649623141169282
ck_70d19d5650ddc8f5,0.42069667956814016
ck_da39653add0f1109,0.08193114687309025
ck_b7431d4706461ec6,0.6882664493786922
ck_2f6a639468f41043,0.27220411489101654
ck_5a29b7018e43280c,0.007343654512120596
ck_18bc51bbf3ef198e,0.7157567732735792
ck_5486768475af7bb5,0.9694336932165412
ck_edc9668282e3c8cb,0.5145039722957834
ck_b64c87d5e3b10e6a,0.9650743532287636
ck_bb399ed6bf28c230,0.6509064982684865
ck_7ea52b6f27edcb73,0.4134446934202485
ck_0789a05e061b2784,0.9144326746791607
ck_29ea329fa40ace62,0.42392544306376045
ck_0034d010d28aea78,0.39900183336728456
ck_b52b99dad89ecdfb,0.680057038093298
ck_e7b583acaa3171a2,0.8348645345284172
ck_d2d4282f9d256b3e,0.4076084742310043
ck_130d3848b9dcdb05,0.24794255449174984
ck_4fe4b072f03f2c1e,0.07461804848237931
ck_16801e628e883d78,0.5953249134243227
ck_610c7bcc1cd7ecb0,0.6581279282949685
ck_34d6d74bb3ed11e5,0.14553880627419027
ck_e87897767c612942,0.5487777551436138
ck_d902183f80cc81fa,0.7814829904257488
ck_df69858b8a8b3165,0.40567325320839276
ck_90489c405e6886d8,0.15593807292727643
ck_84d07028b5fca2f6,0.8727031982073742
ck_d96c893721385e4e,0.13647382358932572
ck_f65ab819373edb37,0.8189549806477898
ck_21cac21fc10b7768,0.3267366062334488
ck_a0255ab46e122d2f,0.07923202281523732
ck_084322dc5a3a86f0,0.34491749847219394
ck_786448fe3004cbd0,0.6399674068038297
ck_e155cf506b2fb699,0.08273579140354452
ck_5984be472d2bc267,0.9110715013240986
ck_dc3d8b5c17b67ae9,0.2073742106335303
ck_5ab68b434ad53fea,0.33015889183133024
ck_2bd73d9098504760,0.7071093909146466
ck_d21b38231a8a9f4a,0.8574455082501529
ck_1dfa91405d7e66bc,0.10818904053778775
ck_ecdd01a391610d99,0.13570992055408435
ck_f928dba0d587d7c1,0.2880321857812182
ck_d87e26eb5bc84b01,0.1343756365858627
ck_d66d59981307db93,0.6285699735180281
ck_07f1734be7fac56a,0.6266347524954166
ck_a9b0c4dbd7db6a91,0.5592890609085354
ck_1587763dd54688c9,0.49283968221633734
ck_dd30558576b45e7b,0.41565491953554695
ck_4cedf26628c84f26,0.5654715828070891
ck_a2d709e7eb91e4af,0.8830209818700347
ck_3c48e0cfc2a58041,0.93550621307802
ck_b8fd61a8e82bce32,0.9699327765328989
ck_7a1519ad5ff45312,0.033224689346099005
ck_9dc23031b6b494af,0.6866928091260949
ck_9ae904fbef56065c,0.0991647993481361
ck_958acf84c6137a22,0.7001731513546547
ck_fe6e168cdbb46b9a,0.8851700957425138
ck_962c3bbf27cd4b80,0.7069362395599919
ck_df1a6edaa3e6b271,0.19162762273375433
ck_df0a8f20ab8f14f4,0.6826848645345285
ck_b0a947b498e47018,0.38342839682216334
ck_b616b6f45225f319,0.7704420452230597
ck_ba3a6be026c87079,0.28312283560806684
ck_bc7710f7e9fae649,0.6059075168058667
ck_c5eefc0697451de9,0.6798125891220208
ck_e69195a3c885053d,0.10573436545121206
ck_52e37e2170532e2a,0.8942045223059687
ck_826a27ff7555192e,0.6769097575881036
ck_08c6cc1e143475e3,0.16917905887146062
ck_923d6a0f83accef1,0.6316459564066002
ck_09a988ebcf062297,0.5507231615400285
ck_17de46314b5c6a92,0.6031370951313914
ck_6176baea8cbebbb6,0.5146363821552251
ck_e74716a525ee5b24,0.04268690160928906
ck_8fea7d915259f1be,0.13265430841311876
ck_ddc11fc481eef58d,0.6238745161947443
ck_4feb21e2fb0b3977,0.24104705642697088
ck_03d3026107175dae,0.5343756365858627
ck_6ad56ef40086dbe4,0.15850478712568752
ck_e81fc223bed3c46a,0.7747606437156244
ck_862c7953bdea48b0,0.23110613159502957
ck_c0dde2a6ef1e08c5,0.11930128335709922
ck_660f0006780e87e7,0.294825830107965
ck_69887d0a9aaca6df,0.14868608677938483
ck_a95f212a02433d23,0.3617131798737014
ck_ce1e695884511479,0.6893970258708495
ck_ebc5a2c6cf88e252,0.5733245060093706
ck_2122e9bb1afffef7,0.33623955999185173
ck_38730aace405f2ae,0.9953147280505195
ck_5691cd6fdb6d8147,0.4545936035852516
ck_7dadef33f5e2d94f,0.9695661030759829
ck_278b36c5932d9bff,0.050641678549602775
ck_6a892dd5d05c1649,0.4045223059686291
ck_4a733aeb833406f4,0.484854349154614
ck_953bd5de48ccd70f,0.9603075982888573
ck_3db59982cbae4410,0.6990018333672845
ck_b8d210e741be186e,0.15358525157873296
ck_7d6bff85e7a694bc,0.1565288246078631
ck_be86a1db08dea456,0.5919026278264412
ck_f761b7650a0c1a85,0.5413118761458546
ck_de8494b13adeffb5,0.2281116316968833
ck_f854fba8f4adae3d,0.7164595640660012
ck_b98e9c3ec6e7d1e7,0.1992360969647586
ck_ccb72a33cc1877b7,0.5550519454063965
ck_76997a33c3ea5107,0.02987370136484009
ck_d00e09e66ed6458b,0.8775412507639031
ck_2bd96ddb8c323d63,0.9893970258708495
ck_f792586ad0381eac,0.5524546750865758
ck_1eeeee651e05d535,0.7093501731513547
ck_fdf0c5b722d83464,0.48352006518639234
ck_a823f5bcb0e4b9df,0.25785292320228154
ck_28f530aec8e77130,0.7795172132817274
ck_80b04344c98ec072,0.7362293746180485
ck_97e56e6037024dff,0.14663882664493788
ck_7c38ec898f0fc21d,0.332756162151151
ck_205c3405045bd835,0.2119881849663883
ck_b456f62b80e21557,0.09984721939295173
ck_1d6990d94a4d2ad6,0.6003463027093094
ck_a574a08edaf81781,0.1990731309839071
ck_c8f2a1dd8a6141a4,0.2501425952332451
ck_51440f64f7250ad7,0.8485333061723366
ck_fa7de64d37287615,0.8457628844978611
ck_d07bfb16a4a7dac0,0.9833163577103281
ck_0d362ddb4a1cb6d4,0.2796598085149725
ck_292f81186358b0fa,0.41709105724180084
ck_d6e7e257751c299b,0.1523018944795274
ck_1b5b75762f033462,0.4762782644123039
ck_152671fbf8a9a78e,0.9114483601548177
ck_c0cf50eef030b401,0.027887553473212468
ck_c1466b52c0a10b93,0.8567936443267468
ck_d208494cf5c90047,0.8160521491138726
ck_7fa947a0b1c1cf74,0.5740069260541862
ck_6cdac067cc4db5c5,0.8028213485434916
ck_e3894ed88a7977e4,0.13955999185170098
ck_53f55c6e8cf2d432,0.166775310653901
ck_a2c3e82fab520483,0.5759727031982074
ck_519a26ecf3d29c90,0.11463638215522509
ck_1a415416f620d49d,0.08628030148706459
ck_c24b47184534cc2c,0.9936341413729884
ck_b2b63ea65edf1dde,0.8320533713587289
ck_482dea6eed92cbbc,0.27613566917905885
ck_7297bff2b7fdcbc8,0.03762477082908943
ck_9a21d183524734aa,0.7499083316357711
ck_95945f48453ca532,0.6829089427581994
ck_6fc37dea4b4f35c6,0.8578019963332655
ck_afaf374009d3b248,0.29821755958443674
ck_10de0b0d86b17839,0.11926054186188634
ck_142c00f9f8557504,0.7961295579547769
ck_c0133f60d39b2fb5,0.4849765736402526
ck_864a11202e19e812,0.9094825830107967
ck_3f943f20a9da9bff,0.5182827459767774
ck_7346e4f820d9c00a,0.9720309635363618
ck_9790138467a06223,0.0475351395396211
ck_35b1939c48182a9a,0.6529232022815237
ck_11f362dca2dfaf5a,0.5201670401303728
ck_ae0a7be6b0a0ea68,0.4598085149724995
ck_0af5b7d128035b35,0.42704216744754536
ck_8d8226520722af78,0.9025463434508048
ck_de58ef6f9fe2b546,0.3813505805663068
ck_0274d881d6db82c8,0.20949276838459974
ck_c88fc1bac79fa6d3,0.771715216948462
ck_826ee896c9f1144d,0.9323691179466287
ck_3b436cb29af99f3d,0.5311876145854553
ck_6f8102f62c876cc9,0.4379507027907924
ck_20fad010969f1abf,0.048360154817681814
ck_23aab322810b9fec,0.6642697086983091
ck_4e329e29dfa743ea,0.9237828478305155
ck_2a7eba01ceba6c2c,0.8022509676105114
ck_9eb1da8cd35a50ce,0.3242004481564474
ck_da1a2450219dcf19,0.6665614178040334
ck_3716c6181a5035bc,0.6615196577714402
ck_51fe0b613c076cbe,0.6968425341210023
ck_8584fea2df4c6317,0.5672132817274393
ck_ea623358f704daa7,0.82367080871868
ck_ca491debd3b32a59,0.8012935424730088
ck_18c3a095606209e8,0.46613363210429826
ck_71db4131d7efe218,0.14228967203096354
ck_a76e8d83b9141364,0.5656854756569567
ck_5d5ef9e75f65d076,0.49644530454267677
ck_683af7b1540a0b22,0.5407211244652679
ck_e8d37262e859d9a1,0.5449378692198004
ck_de5bb7a4d091386d,0.8664493786921981
ck_970c7dc195161272,0.03138113668771644
ck_80a64a7f0275a71d,0.37870238337747
ck_04bd8a1ffaf3ffd8,0.08260338154410267
ck_77e0589ab339ca66,0.5534121002240782
ck_7baf1e55db0dc558,0.6369627215318803
ck_f05f5e4b40afa52f,0.7175799551843554
ck_dddd14091ce812c2,0.33024037482175594
ck_12c46bc52bf45b36,0.5101650030556122
ck_740d8fe8028b5a2e,0.2509879812589122
ck_cf78169633a1600f,0.06774292116520678
ck_1a3fd2cc4b4de196,0.6969545732328377
ck_f4fe78e249092ab1,0.5592177632919129
ck_966901ea9c77cc02,0.2884090446119373
ck_f9fc468915afe49c,0.6562640048889794
ck_af3f74b1d75a5d95,0.6469036463638216
ck_af70aa32c009c3c9,0.6043185984925648
ck_da645ea91d66aa6f,0.8918109594622123
ck_e15e3390f5ed45f3,0.785414544713791
ck_5f87eb05d18186c0,0.46427989407211245
ck_a61a879dd46fc9f2,0.8166123446730496
ck_024dcab126876002,0.5270625381951518
ck_819b482bca14c068,0.944357302913017
ck_15220e78d1545e40,0.8486147891627623
ck_2ca0020038bfec58,0.9347932369117948
ck_fb00dd5021642507,0.7020574455082502
ck_2737a72de6b700f3,0.815003055612141
ck_263334d722ecbc97,0.9527194948054594
ck_ba1f6dd43fc8a0b1,0.4309635363617845
ck_5a22cb36d612236e,0.36917905887146063
ck_d86ccf148c06c8c8,0.7927887553473212
ck_60b023af6d1e30bf,0.9488592381340395
ck_1c8b94efe9238f5b,0.12273375432878386
ck_0284dc2b4f856b3a,0.9119881849663882
ck_72e550559487b919,0.3024750458341821
ck_7e73e1d44ce82ed9,0.432104298227745
ck_f8dc8473c2772729,0.8744550825015278
ck_4596624a7c01d501,0.39798329598696275
ck_04e89fbd739243fa,0.17021796699938888
ck_6149ffaf18872dc8,0.145946221226319
ck_e0171f91cb3411fe,0.588205337135873
ck_1ecd5516c92caa4f,0.01697901812996537
ck_21e3b3bd998745e5,0.786015481768181
ck_05ed92a7c3e10e5d,0.5860765940110002
ck_d6fb9cc5171e3e9b,0.9604705642697088
ck_f0cf85b67a9b840f,0.5201161132613568
ck_c58bafff7b1955cc,0.5950091668364229
ck_06280e6d6d2485b0,0.5843960073334692
ck_99d3983f907828bf,0.07024852312079853
ck_05ea4440dac6cfad,0.48200244448971274
ck_5eec9ed855c26000,0.4065491953554695
ck_5ab39bdc9610f6f3,0.9399674068038297
ck_c35d444e05799db6,0.46858830719087396
ck_87cce4126e215153,0.5262578936646976
ck_713649668a7ca824,0.4241291505398248
ck_0b0c93039f987abc,0.38003666734569164
ck_6d07d6d1bd227d37,0.8578019963332655
ck_e00e82a9419ff086,0.38160521491138727
ck_eaf3b6d11bc3cb11,0.3448665716031779
ck_2bb7c17168a9d17d,0.24988796088816462
ck_416f7ac57da081a3,0.40500101853738035
ck_b60de9e97aad9e45,0.9778773680994093
ck_7973edc9f22ee7b6,0.468965166021593
ck_8452b6cf97c65a5e,0.40055001018537384
ck_6fb39b60c67d5475,0.25078427378284784
ck_785fa45e86bc5e95,0.4023426359747403
ck_3eba1fd2c7acc4c0,0.9062436341413731
ck_c10c8bcf5bcd516e,0.8859951110205746
ck_2825e34dd3e7ea2a,0.2294764717865146
ck_67f3794d93e2dd67,0.9186697901812997
ck_9cbd9ecf8374f65f,0.48811366877164397
ck_32246c62640648d9,0.3903748217559585
ck_f301f6758e170d66,0.7043593399877777
ck_885a83975cea5e64,0.13775718068853127
ck_0d2901bfe585c391,0.884528417192911
ck_52453401f88935da,0.37410877979221835
ck_f9d481aa4f9b2808,0.9175799551843553
ck_18c179b4afc4fccc,0.6999796292523937
ck_a477654d34783e06,0.23893868404970464
ck_7310cda3bc65a73f,0.1922081890405378
ck_c20e89afe575549b,0.09061927072723569
ck_668ec61c4c39cae3,0.14410266856793646
ck_fc2cb29918631f10,0.8830209818700347
ck_15ce50f2704227be,0.6032898757384396
ck_0c533ff2d0f9962a,0.4718170706864942
ck_5881b174e49b04ee,0.187930332043186
ck_371bd9388b287677,0.043501731513546554
ck_91a16336ce3217dc,0.6350580566306784
ck_a760d38d1bc4de97,0.23903035241393358
ck_a9dded7f6294e44f,0.7219392951721328
ck_c8a03c516ed5b05c,0.7811774292116521
ck_25bfca1d8eaa152d,0.3736911794662864
ck_191673540d8486af,0.5119168873497658
ck_82eed68d05a42128,0.7267060501120391
ck_24b0803447211bf3,0.5921572621715218
ck_023908db0a193076,0.838582195966592
ck_aca35dbcb835ad02,0.6845182318191079
ck_248b3659a9239240,0.6336219189244245
ck_a51abde881ebeff3,0.554328783866368
ck_db9b9d5d30f74070,0.7606742717457731
ck_8b3401b44aaae728,0.28276634752495416
ck_0841a5c24fd3dd28,0.4891933183947851
ck_541b6ad5d2fa5a39,0.30598899979629257
ck_16c7bf94ed3e7a6f,0.09808514972499491
ck_c82897ebffb6ae66,0.6407109390914647
ck_b4a6bb4689cd7cfa,0.5703809329802405
ck_7c4f42c5397113b0,0.062212263190059076
ck_73f124f075ede0fc,0.5234569158688124
ck_7584e7bd755cb28a,0.2692809126094928
ck_9f792e7e721ff7f1,0.21979018129965372
ck_c735b643d3cbf67b,0.3485944184151558
ck_58bb02d98e2b9cd5,0.5965166021592992
ck_0d65bc749eb42710,0.26258912202077817
ck_6c33cb15b0d8af54,0.5315644734161744
ck_c7f6f45710bc050f,0.11997351802811163
ck_aefa0d8d933e0eca,0.48724791199837036
ck_c1ee56d65a42f59f,0.5546547158280709
ck_66147fb994495396,0.8866164188225709
ck_06e73afdec26aecc,0.805775106946425
ck_9fb8e3d38cdf276d,0.977113465064168
ck_ff3998d6858daa21,0.2243328580158892
ck_7f188aaa63d1d442,0.4617641067427175
ck_c7d444d90fa86d7c,0.9289264616011408
ck_d68d42858a55adff,0.4538602566714198
ck_fa7d5be26bf7b31c,0.834803422285598
ck_352657008983fd4b,0.7985434915461398
ck_7476e7fe1ff45545,0.5808616826237523
ck_41406cfa209b6bda,0.2820941128539417
ck_475ebccca25e30d1,0.48209411285394177
ck_49ccc3716a564256,0.4278875534732125
ck_04470bc93b8a0d71,0.37134854349154617
ck_084cd84501012218,0.9511509472397637
ck_684609767df4a14b,0.7239661845589733
ck_3e4d02a04be2aaf8,0.7249949073130983
ck_f01af1b0c977cc06,0.32701161132613565
ck_027614eeba8b1a4b,0.3238847015685476
ck_0f743bd13373748e,0.5493786921980037
ck_399b0d510be98bd2,0.45751680586677534
ck_ca4465f2b5c1a52e,0.9956814015074353
ck_2a59f23fc5194699,0.7846506416785497
ck_243c18dbf150831c,0.12448563862293746
ck_88d9244a9cf7a77e,0.9495416581788552
ck_1ba28fb7ef726ce2,0.13842941535954373
ck_786f079389126e44,0.5392238745161948
ck_4f01f7eac0efaba5,0.6223772662456712
ck_47d29c01b20cf69f,0.4079445915665105
ck_07a5610ed28162fb,0.3860562232633938
ck_57b8226610b48854,0.5222652271338359
ck_c6fff412f531db0f,0.048013852108372376
ck_bac6dadf428eaea9,0.5944387859034427
ck_e37196b20968b73c,0.5893155428804238
ck_12631b78f8a03df2,0.20919739254430642
ck_2c6b174b063ec637,0.5868506824200448
ck_af559f990c640e41,0.5697901812996538
ck_e7a3881c3e36bd51,0.8834080260745569
ck_5839f5cbd8165b1e,0.6652475045834183
ck_67858bc00e81490d,0.017254023222652272
ck_4737e0d56c6fa0a1,0.4683031167243838
ck_93e0d6befb67f7a1,0.678193114687309
ck_2e315f1b1e533dab,0.16750865756773275
ck_af32a0660090dd68,0.5708902016704014
ck_ede2e887697ffac0,0.09564066001222243
ck_f48acb73a5d6af07,0.6790385007129762
ck_756d2c13d02b3e09,0.50503157465879
ck_96fb9bf556842bbc,0.4495823996740681
ck_916784595f028226,0.8850275005092687
ck_20c99b645f462449,0.22548380525565287
ck_9863bff41d24ce9b,0.18547565695661034
ck_5009a6c8bbaf15ba,0.5756773273579141
ck_a821980ac4db9943,0.9241393359136281
ck_e6de67c0d82a7b83,0.5582195966591974
ck_752dd3d2487f78ea,0.19710735383988592
ck_9652283c9f61fcec,0.09498879608881647
ck_ff8059ae5fa5f1ee,0.03254226930128336
ck_fc4a43f8876bf10f,0.8972295783255245
ck_a9aa5c344c315532,0.46888368303116723
ck_8e2b2251ee224aa4,0.29587492360969647
ck_3a47e3f54475e854,0.05449174984721939
ck_51bd5f69b4fe0b92,0.9558769606844573
ck_d52432ed597f3cc9,0.12356895498064781
ck_04fb61e5739642f8,0.916775310653901
ck_fc3d95030b81f416,0.025758810348339784
ck_1906f0dfaf6e9bad,0.9652271338358118
ck_66cfc1ebc9a513c8,0.13182929313505806
ck_1411a80a157ff39c,0.3645243430433897
ck_9b436162039a77d0,0.6299551843552659
ck_b9485218cef413f0,0.24789162762273376
ck_b62f5144db15ad34,0.7958545528620901
ck_5dcd443fe0bbdeac,0.17579955184355267
ck_b7dd681eb3d2ee38,0.1275310653900998
ck_bd21164bd2bbb635,0.4856080668160522
ck_e6222925762273b8,0.8161336321042982
ck_bfecad7586f65e4d,0.48379507027907925
ck_aa9953c0ca2bed7b,0.04686290486860868
ck_bea56db7f3e930e8,0.10971684660827052
ck_e40a156511345d6a,0.041383173762477084
ck_03f6664a96de7d0f,0.5508453860256672
ck_1a319e509f1efa1a,0.06476879201466694
ck_7a52674e2806d8f5,0.8447036056223264
ck_ec4dd3675a8d28cc,0.31586881238541453
ck_dce1fb3acd65562f,0.1473721735587696
ck_abb9d65ff1f95b64,0.7598492564677124
ck_aaa9861c91bd14dd,0.6700448156447343
ck_2cbc2f93a32eede8,0.6991036871053168
ck_f2d3e3d90608596d,0.9194031370951314
ck_127273af97d7827d,0.1896822163373396
ck_a6def1e4b2d57e0d,0.5035750662049298
ck_96247fee0eb44420,0.07152169484620086
ck_5517b9a865960542,0.3103483397840701
ck_37176850ed68831e,0.3566816052149114
ck_ae416325fef92c9d,0.9615603992666532
ck_f285e5e1912a7c62,0.13680994092483195
ck_368b65fca69fc415,0.5293236911794663
ck_9a36916b60178ded,0.9673151354654717
ck_4a0eae220a762ac5,0.6985231207985334
ck_e9b0bca7368555ef,0.2752495416581789
ck_da1c853b0a061e83,0.5876247708290895
ck_58412a2674fea506,0.5994092483194133
ck_9ab42875a0f95b43,0.8646567529028316
ck_affa5aa0bff9bb0c,0.8220513342839684
ck_d27a73596b6500c2,0.329262578936647
ck_2d963f9b2c4d11e1,0.7101650030556121
ck_dc16f939c2f44ad8,0.8122020778162559
ck_97c38e7f61c27e47,0.39209614992870245
ck_861d8e3d88f1079e,0.6617131798737015
ck_819988d8a7f26415,0.1895396211040945
ck_5e021f2a3b66e256,0.5921674475453249
ck_0428728df24cdab4,0.6108066816052149
ck_780738e0d71e7e43,0.15538806274190264
ck_5fed957287ebca03,0.16097983295986965
ck_bc19c383560c7477,0.37658382562640047
ck_b1befe967f7a5ebf,0.6599918517009574
ck_73a54b56a2bf35fe,0.9648400896312895
ck_60bf8a2870956fb1,0.38359136280301487
ck_6a0ccd7357979f0f,0.7266551232430231
ck_6b255bf68709109a,0.3047463841922998
ck_2cb3c99845e572da,0.18077001425952333
ck_c9e1e3229baae708,0.49444897127724596
ck_1a4bb7d3d2ee3227,0.7668771643919332
ck_c7e07ebfb0bc15f6,0.7872580973721737
ck_4bb90a61c21a303b,0.25927887553473217
ck_3ade9eac7d7b0dbf,0.8858015889183133
ck_8171ef803f5ff604,0.48308209411285397
ck_4859a58629622915,0.3650132409859442
ck_20124c3a16c53ce4,0.6048176818089224
ck_dd3feb77d7d4f6d3,0.5545324913424323
ck_ed0c4a83701ca230,0.3542269301283357
ck_982ebb24174a4ade,0.7316866979018131
ck_deb3ac0606d6f6db,0.6477184762680791
ck_e666629e5a41b39b,0.342727643104502
ck_1a9d6190c57ea7e2,0.9447036056223264
ck_527550dd15f38782,0.7732837645141577
ck_480347ad92037105,0.5651762069667957
ck_00b9818e2064405e,0.7422489305357507
ck_b53281da70defcfa,0.2987777551436138
ck_3f090fc96c24eb28,0.18818496638826646
ck_3d9afd862b3f4053,0.9055510287227542
ck_9bf3ce30b65f75c7,0.856192707272357
ck_2d5a6b6636a2596b,0.4871053167651253
ck_9a4967cdf49265cd,0.8961702994499898
ck_69691226c68fd50b,0.9364025259727032
ck_1b1efbd9c0964c8d,0.7145243430433897
ck_78bc3f1d0f35ea6c,0.44920554084334896
ck_d288b77d1e227970,0.7818089223874516
ck_017208fcc01b5d40,0.2991240578529232
ck_8b3b874249adece9,0.6250458341821146
ck_49ab879b5aa7fccd,0.8319107761254838
ck_b3ce8f1bcedfa043,0.43699327765328994
ck_7e3923d278a5106e,0.39990833163577105
ck_e05e91cc180063d4,0.8963128946832349
ck_ba666a425930615a,0.18427378284783053
ck_a8382d8345f21e1e,0.30888164595640666
ck_3dee83fa2d109484,0.04526380118150337
ck_2d177b2f4f0b40c9,0.907781625585659
ck_40140bef4db73741,0.2485638622937462
ck_22c862a496008c96,0.996781421878183
ck_aa42976a31cb7770,0.44059889997962925
ck_782b0be796164335,0.14449989814626196
ck_5f864d72d1eead99,0.8668262375229171
ck_0ada6fed1864e7c4,0.6532389488694236
ck_7878545739af0a73,0.1727439397025871
ck_ab973888c20c9120,0.8022102261152985
ck_1ae460f331e49ae2,0.8493685068242005
ck_509c22828d467ba3,0.828651456508454
ck_24dae044dc05f849,0.722927276431045
ck_2b8f33e22f939372,0.9645548991647994
ck_6a01c375fc26705a,0.036534935832145045
ck_ae96d35465b3b4bd,0.5151660215929925
ck_512ebe97c0af94dd,0.7742004481564473
ck_5af9934a56801ac0,0.30391118354043595
ck_fc7445ec76389a58,0.9415665104909351
ck_b8266dcd90cbfa62,0.16168262375229173
ck_884b2e463ff1d54f,0.32349765736402525
ck_95aff1fe27fb24bb,0.4987268282745977
ck_7bc752ae7cf5d55f,0.28405988999796294
ck_57b3fee69bdf85e8,0.08329598696272153
ck_ef0d702d7b0ed745,0.18774699531472805
ck_212380e0371d8a6d,0.6992259115909554
ck_2b90b76cf4d162f9,0.5993990629456102
ck_87771861e0447210,0.8362395599918517
ck_21fe7bc59dcd78fb,0.555082501527806
ck_fc0cc4b25e6a8194,0.32855978814422493
ck_e7a530e09d113dd7,0.8530556121409656
ck_3f94a34f5038f7c1,0.9551130576492157
ck_124565a11b2f8bb8,0.707588103483398
ck_38ba4a6b6a292054,0.903075982888572
ck_6a4981bc721df37a,0.645620289264616
ck_4672167d7c989bbf,0.7946017518842943
ck_817926b449754917,0.4640965573436545
ck_54c2604c9ca6256b,0.5901711142798941
ck_0302f67d75973dce,0.3316255856589937
ck_9a6a1f8102febfca,0.7861478916276228
ck_7f1c20319eb60aa6,0.9947647178651458
ck_a86cd653472eccbc,0.43158484416378085
ck_02028b72f26fe855,0.28687105316765127
ck_4108b4038f762817,0.8856895498064778
ck_63356762d24aab81,0.47796903646363825
ck_5e3bc76eddbdb0a6,0.04730087594214708
ck_7f3685aa2933b251,0.7447749032389489
ck_3b92a46daf8d00d2,0.3745773069871664
ck_f1d8a2695a575e56,0.24640456304746383
ck_0324a4812ec319c6,0.7490527602363006
ck_5c36c78b7a4d138c,0.7088409044611937
ck_9b6282e3bad50710,0.41687716439193323
ck_7373d7b04c7799bd,0.4149521287431249
ck_0b0e79d33e50cba5,0.2847524954165818
ck_f3c16d8f747db046,0.8248726828274598
ck_839ce35819bfa4fc,0.06354654715828072
ck_275386782b1606f8,0.13759421470767977
ck_4e9fba1ec54c3ff8,0.5055917702179671
ck_4b041217690fca2f,0.6696985129354248
ck_a59e90219939a1f0,0.1868812385414545
ck_a9c2cdc758df8510,0.7539926665308617
ck_720cd658d11ea428,0.643522102261153
ck_fdeaa1cd085691f0,0.6265328987573844
ck_2bb1389e5e72c8f4,0.8296190670197596
ck_5de33a7a87e9aa62,0.3962823385618252
ck_f7a07283345a0dce,0.4879914442860053
ck_c375e929becde422,0.30166021592992465
ck_c84ef83489badbfd,0.6026685679364433
ck_cc3318839c4b0745,0.17915053982481158
ck_279a1d3a3836e5cc,0.38118761458545536
ck_7977135c2ff61e92,0.5231513546547158
ck_6a1ff9d69466181c,0.9959564066001223
ck_e1ff9e31becc27ae,0.7298940721124466
ck_a13fee8cd925d0dc,0.391006314931758
ck_b170a7db522a0d6f,0.4597168466082705
ck_8d38747058d0aeea,0.9463740069260542
ck_18116d0ac08f1996,0.9819769810552047
ck_2210f7a0d13bdbef,0.5893053575066205
ck_1af547077ba2dd03,0.9298024037482175
ck_516163fcf04d5e77,0.5945508250152781
ck_8b39d8aacfdd72b4,0.30702790792422086
ck_d39b0152116203be,0.799765736402526
ck_ed33f8a937f9c7c8,0.47195966591973926
ck_ea1e5b5128ecba2c,0.17360969647586066
ck_8247f008a14bd1a2,0.19305357506620496
ck_3d6046a533057795,0.270503157465879
ck_0bf2e13b9f2601ac,0.583458952943573
ck_f4de03f44e3a5bd5,0.31422896720309634
ck_3ba3fa5387bacee8,0.015807700142595235
ck_8f604fa70fc3c8e3,0.5439498879608882
ck_64f3bb17101b7c42,0.4816765125280098
ck_a4e6fc391b674335,0.9406701975962518
ck_79b6a86830156b5a,0.6704929720920758
ck_d74123617f22a21e,0.32229578325524544
ck_9dbe184e81c1ca8d,0.8465573436545122
ck_de2924955926d046,0.5661438174781015
ck_e556c4d36aadbe03,0.06747810144632307
ck_e37cee7b123692af,0.5714707679771849
ck_c50fed2a7c9198c0,0.7201364840089631
ck_5647030283171ed5,0.9325015278060707
ck_d4972a775aadbbc8,0.2602363006722347
ck_ce5ed372b1a2ed6b,0.8853636178447749
ck_3eb6146c262e0fc3,0.056376044000814834
ck_53816231f3ffb48d,0.15867793848034223
ck_afb23858a4ef42ed,0.9921623548584233
ck_3882423b449f6291,0.9818700346302709
ck_79b235d51718435d,0.5585455286209005
ck_298278a9da874437,0.39578325524546754
ck_32f632706608859e,0.3596353636178448
ck_3638bc3388dbc1bc,0.8991647993481361
ck_ac7cdb9b8da7b5dd,0.45633530250560195
ck_7d025dea5951cba7,0.1712670605011204
ck_f06d00a4f9c87d80,0.25230189447952744
ck_d9c2622cb6df380b,0.3428600529639438
ck_d4ec44760cbe03f4,0.39003870442045224
ck_c1d05ef0ec6e4be7,0.4244347117539214
ck_5abe57dfff4b735c,0.370268893868405
ck_53cddfba570b4a3b,0.7836321042982278
ck_7c500e219af39486,0.17450600937054392
ck_3bece63711407e25,0.6486147891627623
ck_8ff1e6028e764472,0.9278875534732125
ck_8c346eeefa9ce692,0.3871053167651253
ck_d840db8cfe2ef6f1,0.15158891831330212
ck_cc6d33890d47a6cf,0.7917091057241801
ck_2ab28149b0986642,0.8833265430841313
ck_4ad5937bef176d89,0.15408433489509066
ck_645f15bbbcff3b4f,0.9748523120798535
ck_aba32acb61c1aaca,0.7529232022815238
ck_26de14b96bdad4f6,0.42588103483397843
ck_ab80466ef615e85c,0.13229782033000612
ck_ba93cb604f792915,0.7825524546750866
ck_3830c58d841e9e69,0.9321857812181708
ck_1d5d74169cf892ef,0.511977999592585
ck_eb2323215ff70362,0.6090242411896517
ck_6775e387dace7525,0.7153900998166633
ck_0ea30eff5f361cba,0.21807903850071297
ck_cc5a35175d381d5a,0.16876145854552865
ck_e14681aad43e1a72,0.5716948462008555
ck_3222ea25aa29bfa6,0.05710939091464658
ck_f6c42001b84a10cb,0.5853228763495621
ck_3753cc5b9d02e2fd,0.22117539213689147
ck_eaf6f7082c3db2bf,0.721480953350988
ck_a9ffd6b3957bd41e,0.16004277856997354
ck_558a82590f65df69,0.058616826237522915
ck_7ec423cb56257516,0.39003870442045224
ck_b3867f7f494db64c,0.3425850478712569
ck_3c9a06eb07c300e4,0.004705642697086983
ck_d960af7a55b892b1,0.715838256264005
ck_3d83e0a3c1cfbf8b,0.33118761458545526
ck_34ed59bc2c9b0186,0.14537584029333878
ck_4136b00924695ab4,0.021124465267875335
ck_c802cf8f61466027,0.03988592381340395
ck_de436e7b319be1fa,0.9957730698716644
ck_91081be0254878a5,0.5613057649215727
ck_ec2eee6a133e9a6f,0.8293135058056631
ck_81429c4910ca46cd,0.11446323080057039
ck_80ad4396e1084c68,0.6952841719291099
ck_11667f5b9fac7bc7,0.18004685271949483
ck_7367917891a63771,0.6475555102872276
ck_f908b527c4db422d,0.7400183336728459
ck_2329cc9702cdf7a0,0.8201161132613567
ck_6573c4947cc8607e,0.6235995111020574
ck_ebcb93a2990fc914,0.8132511713179874
ck_7a1782cefe26a456,0.7435221022611531
ck_ee3e7c9d3a9c74b4,0.7158382562640049
ck_720776a46e56dfa8,0.28885720105927887
ck_bc8f31f4a2ffa1ae,0.1436341413729884
ck_0cd8802264e0a1ef,0.6136993277653291
ck_c0d2c56f9c722e99,0.9606029741291506
ck_8c949bdc6e8720fa,0.8520676308820534
ck_0ada63008be5685a,0.592544306376044
ck_a3f821bdf408c326,0.6334487675697699
ck_de13de941bebc7cf,0.008789977592177634
ck_fc8cd8a8209e802d,0.5628743124872683
ck_181f3dae03b87136,0.54851293542473
ck_ecaa6f13304e3dc5,0.10978814422489305
ck_e06f6fed020ae014,0.6671623548584233
ck_2c041b1efb1c5063,0.12287634956202895
ck_8abd1a50a9227463,0.7872784681197801
ck_8ef1d05cc1e53e7e,0.8289773884701569
ck_4637e54a9f79e2e7,0.34464249337950703
ck_e8bc49e6494c1f37,0.39987777551436143
ck_11f9390a11ce9ff5,0.7128335709920555
ck_15b4840922195ffd,0.2002750050926869
ck_6bcfa37c717f19f1,0.6640456304746385
ck_efb24be983342f75,0.5245060093705439
ck_5b137d74bba6b1b4,0.023843960073334693
ck_295c0072eca7f7a2,0.13149317579955186
ck_4af7b97c24d89a45,0.6460175188429416
ck_fa0ecbcf9a33d6ce,0.09878794051741699
ck_da84a0dfe947fd3c,0.25946221226319005
ck_3e3c64b3b7876ce6,0.855214911387248
ck_da2729307af06ed5,0.4078121817070687
ck_74d0e7c2c6b63d36,0.952699124057853
ck_c478aae3031bb328,0.21863923405989
ck_cf301f2194975866,0.5599307394581382
ck_086d29ccae565e5d,0.1976369932776533
ck_34a33ffe8339f66d,0.9683642289672032
ck_e57c79eaab35ded7,0.23527194948054594
ck_4940e78cbdcfecf3,0.6103890812792829
ck_578f67e69e5d2cfd,0.294408229782033
ck_c767fc454fa215d0,0.0998879608881646
ck_5d644224135d7c65,0.7622020778162559
ck_e78ab4ff52b5fd2d,0.4941332246893461
ck_51efdd240e34c642,0.6206763088205337
ck_c39c6a1453e2b92c,0.04138317376247709
ck_b080ff636932d1f1,0.207781625585659
ck_5c8390017fabfaef,0.844265634548788
ck_61176dafb33b2d8a,0.9371766143817479
ck_fc6fed6ea96a004a,0.3902220411489102
ck_3e2516a3e35067e0,0.2111224281931147
ck_17a95bba77217d85,0.5713383581177429
ck_1ffbce3a239bb264,0.29267671623548586
ck_7f960541e5174565,0.16600122224485642
ck_9b1c3742dd6fcb8b,0.39409248319413326
ck_d5458ba39ae94498,0.591097983295987
ck_0a921a73a90c2e39,0.6505296394377674
ck_293581d879f6663b,0.9490935017315136
ck_03e904682dc73bba,0.42014666938276635
ck_4f490e379e9ded9a,0.14876756976981056
ck_9b9ce7bebc235fe8,0.1657262171521695
ck_a4a42d4bff8af645,0.1823996740680383
ck_b046067c6ca3831e,0.3439498879608882
ck_bc7ece8787ca7200,0.2254939906294561
ck_2c5bc11bb7ae5d2c,0.972132817274394
ck_b74b9ba6d7c9aab7,0.9014463230800571
ck_91d48d69e4f5d9c2,0.705591770217967
ck_1a71f8081ae00190,0.9494194336932166
ck_38ba64efa7c38250,0.580943165614178
ck_1a6ddfeef82b1b1a,0.420829089427582
ck_c4402ea6291df271,0.6038806274190263
ck_478d2667aa9896d9,0.2657364025259727
ck_c9490cb61aff5112,0.8073945813811367
ck_88f27ab479063852,0.7439600733346914
ck_b7793edca26fc512,0.43770625381951517
ck_f88028c3f306bc70,0.7403442656345489
ck_e8a6acea22b20312,0.9036565491953555
ck_c8b7f241810b45e5,0.050641678549602775
ck_2408db62e4395ccd,0.6723976369932776
ck_bcdbf57d98dc0d27,0.8529435730291302
ck_b3225a98acd04f83,0.3040028519046649
ck_35694db37f0cde7a,0.006488083112650235
ck_87d55ca333f22072,0.06041963740069261
ck_ccc917533d4b73d4,0.3910776125483805
ck_0c5ba86f4e05b38d,0.5928396822163373
ck_8740a14d8096c6e1,0.29971480953350993
ck_17ab24fe914ae44b,0.2967610511305765
ck_3b963d6be2773861,0.23310246486046038
ck_c183dff3781746cb,0.8152475045834182
ck_7336611650dcc088,0.3175086575677328
ck_c817259019588d30,0.57870238337747
ck_d39864119cdd460f,0.1576695864738236
ck_463ae759e2b6ad1d,0.8216031778366266
ck_e560f720a988d8a2,0.9632002444489713
ck_72dd0dbdf808cb00,0.6771032796903647
ck_32bb42f9bff197f8,0.17474027296801792
ck_70bef9ddd4bab005,0.22845793440619272
ck_4b15b0746318cf42,0.8993990629456101
ck_39a68c55a1bd3ace,0.8911285394173967
ck_4c76efcc1ee6762d,0.4800570380932981
ck_79f5198f0decef20,0.0640354451008352
ck_f655399ac75c4450,0.44730087594214707
ck_24b53090faf722cf,0.3036871053167651
ck_11cb98211b2ed134,0.9732328376451416
ck_3534be0f4efd313c,0.7842534121002241
ck_28d2003c2d16e4b6,0.26745773069871664
ck_d3796aebda1cfed5,0.9747504583418212
ck_a3a0bd59729fe619,0.2954573232837645
ck_8ddaf745bbb9cd62,0.05814829904257486
ck_fa24db9d416ab904,0.24745365654919538
ck_493b6256091014cd,0.9154104705642698
ck_57a6b56b09bff24e,0.13492564677123653
ck_a2245822cfea997d,0.3279486657160318
ck_92f6ebc11ebca89b,0.7523731920961501
ck_fbf630c960194033,0.42821348543491544
ck_1c17c65804f8889e,0.2756162151150947
ck_00ff7389d6a83e29,0.5112242819311469
ck_bdd8eba728800e29,0.733550621307802
ck_0525349f3945375b,0.6545936035852516
ck_d1b0699d26282871,0.6266245671216134
ck_a678731156ad7bd2,0.8992360969647587
ck_011551a596544f5d,0.0641984110816867
ck_0bfe62e0c7eab9c9,0.6161438174781015
ck_e5ee006ecd8ff661,0.6503259319617031
ck_e2374c7136c964fd,0.7823691179466287
ck_af528d66c86f0cb8,0.8560908535343248
ck_5448c946cc4758fe,0.506895498064779
ck_37d3e5c681a2214d,0.9226319005907517
ck_fca478361870a4ca,0.2694948054593604
ck_fb44d15fb93a7157,0.7836524750458342
ck_0e8f26536ccc8947,0.5047260134446935
ck_6768c4b2aa8ce586,0.5035954369525362
ck_6a548da1728b5823,0.9843145243430435
ck_0e7bf10ef49aa818,0.7240069260541863
ck_f2c824d3473db24c,0.3195559177021797
ck_d9ffca35188e49d8,0.33659604807496435
ck_3db73bbe03c3d240,0.057964962314116936
ck_899f88464305824a,0.5870238337746996
ck_148c28df51bba5e9,0.9503768588307191
ck_7955a359b6448799,0.18894886942350786
ck_8c748aaa4a4554f9,0.4973008759421471
ck_fba15647b3a140d9,0.36471786514565085
ck_c2fc0ac460786d02,0.8186494194336933
ck_e42206e91f6a1752,0.2598696272153188
ck_8c136dc691e65695,0.02687920146669383
ck_8c0955dad13c3ca1,0.37002444489712777
ck_6d4cd2de601a2308,0.5877062538195152
ck_76ea90ebc74bcdc7,0.5099001833367285
ck_734f06bd4aa92781,0.5425137502546344
ck_41af3729590c2484,0.31679568140150743
ck_e63256667aa19070,0.6157873293949889
ck_1b2ce474fa6582b4,0.7534222855978814
ck_c8131ddc7ed33448,0.18730902424118967
ck_33ecff7914349ebc,0.5743837848849054
ck_36287d063350ce9d,0.19256467712365044
ck_956dd784525f5886,0.7325728254226931
ck_ba7b78d31d74c794,0.37456712161336325
ck_5bea0e0ee0b094cd,0.4972805051945407
ck_d6a4faadab58a3de,0.2319413322468935
ck_bdb966f43ac350ee,0.5567630882053372
ck_3fa559c679751b3a,0.6701670401303728
ck_7ef019ed77276496,0.13134039519250357
ck_0e6046fc30f81705,0.5090649826848646
ck_53aca610e20598bc,0.5594214707679772
ck_5275be4e1577c1c7,0.09206559380729273
ck_43948784650bb9ac,0.43087186799755556
ck_5c87eea1cc07cc92,0.5590446119372582
ck_5f445182829ef342,0.6483092279486657
ck_cc81dbc83a8879fd,0.2515889183133021
ck_68ef3e7301c621b7,0.43146261967814226
ck_e988c108754cee9c,0.339234059889998
ck_3327a0582407068b,0.6119372580973722
ck_e1d563fab4d6116a,0.38727846811978006
ck_588f6e6a6a6d93e8,0.5215013240985944
ck_723b4afc388113c8,0.2993379507027908
ck_240f7f894c5a86e7,0.03230800570380933
ck_ab553954435e8854,0.9661438174781015
ck_78cd402a2a4f2e35,0.11814015074353229
ck_09054e97bdf9624e,0.11083723772662457
ck_303b33910d67f306,0.11197799959258505
ck_74e9747954a46eaa,0.42118557751069463
ck_b56c62c950eda009,0.10852515787329396
ck_58f757e40a9b8877,0.7163475249541658
ck_45a16ce12893cf9b,0.5361580770014259
ck_3272c2c4a37d5220,0.944031370951314
ck_9cb89cc3178e0172,0.6299959258504787
ck_c5d62b2b7a6f3bac,0.9708087186799756
ck_0dd417fcbf19e424,0.5037991444286006
ck_5379452a9d74efae,0.08730902424118965
ck_344a95cb7115ec67,0.5187818292931351
ck_6f9fd15ac6b163de,0.1962314116928091
ck_173e1198c341087b,0.23029130169077205
ck_9994323f97109f4b,0.990211855775107
ck_05f375fc8ae0afb0,0.3910266856793645
ck_d328db1e1052d820,0.43546547158280713
ck_70396398e4a96449,0.20911590955388065
ck_61b067de8ffc1ca1,0.6674984721939295
ck_87809324c2675b0a,0.40292320228152373
ck_27cdf9c5e6f0915b,0.4160623344876757
ck_5b8fc4a76f340797,0.7592279486657161
ck_a44462a3853ac67e,0.9960480749643512
ck_466a7316eaf149b1,0.44496842534121006
ck_d35c51e981b98c5c,0.2720920757791811
ck_99c0004d8b7079f8,0.29044611937258097
ck_8a8f81bf3558fd9c,0.17494398044408233
ck_b4dcebc543deaafb,0.8421980036667347
ck_7158ad9e58769ffa,0.8877062538195153
ck_3c02d4dbbf6716b6,0.4692809126094928
ck_41ef7967faf5ce82,0.0038500712976166224
ck_a7c1dabf3869772f,0.7911183540435934
ck_77d9f86dcf251739,0.28169688327561626
ck_02903c48b6cfd65d,0.09914442860052965
ck_b45e47c39d4dc7bf,0.3362191892442453
ck_e55e5bdfc0242aef,0.8656752902831534
ck_ae20e28f9854f3ee,0.3602566714198411
ck_9e65a8a2f587691a,0.41749847219392955
ck_dceabbe04d99afc2,0.0523528213485435
ck_837be8126bb19250,0.02207170503157466
ck_c05737ab74cf03c6,0.9006722346710124
ck_2cdf5fd97ba75e06,0.9186086779384803
ck_97b8e05d62abdc14,0.4010389081279283
ck_7df9910af2bba21b,0.483316357710328
ck_850e2b59bc535490,0.7844367488286821
ck_978c21bb5fe3171e,0.5925137502546343
ck_d654449f9231ad76,0.22064575269912406
ck_e136e20c1c74fe38,0.6662965980851498
ck_2fe6cac002142f67,0.6861988184966389
ck_8432ccec1a4ec7fd,0.9603177836626605
ck_95e4bef65c36af1a,0.13099409248319413
ck_a725d7aed2a0bdc2,0.02456712161336321
ck_9b9d9e579e7b55b2,0.802098187003463
ck_ea4332c8fe48e2a3,0.34744347117539215
ck_9937dad93a0ed3c1,0.17956814015074352
ck_3dc4d464386f0eb2,0.9079955184355266
ck_e0e90b196bef3c11,0.02227541250763903
ck_2139062d4569aa07,0.3507639030352414
ck_8de38f8c7f91961f,0.747249949073131
ck_bdbb4230c91e1604,0.6553473212466898
ck_f7305b3c64cf8a03,0.8316052149113873
ck_454a7e4d859a3409,0.21154002851904666
ck_00d6730134a1eb51,0.31088816459564067
ck_dd89a282375bbab6,0.872041148910165
ck_be2251640f27a3c9,0.8667345691586882
